ClienteID,UltimaCompra,Frecuencia,Monto,Recencia,Puntos_Recencia,Puntos_Frecuencia,Puntos_Monto,Puntaje_RFM,Segmentación
1,2024-10-05 03:09:51,3,752558.48,572,3,5,5,355,Regular
31,2024-06-07 17:11:23,1,1436.61,692,2,1,1,211,Regular
104,2026-04-29 21:46:17,324,55721975.03,1,5,5,5,555,VIP
107,2026-04-09 14:46:50,28,1875466.7,21,5,5,5,555,VIP
28614,2024-12-28 02:52:50,17,53498.35,488,3,5,4,354,Regular
28796,2026-04-30 19:09:32,169,12074955.87,0,5,5,5,555,VIP
135648,2023-01-25 13:57:27,1,10569.75,1191,1,1,1,111,En Riesgo
147607,2025-07-17 16:47:47,5,110834.19,287,4,5,5,455,Leal
176606,2024-12-23 15:54:16,14,499650.03,493,3,5,5,355,Regular
332322,2025-12-25 17:17:26,2,279572.15,126,5,5,5,555,VIP
342170,2025-07-04 17:14:17,3,77352.37,300,4,5,4,454,Leal
363038,2026-01-21 16:57:03,4,21626.75,99,5,5,2,552,VIP
380008,2025-02-28 19:49:57,1,174624.57,426,4,1,5,415,Leal
493199,2025-12-22 16:48:48,1,17038.55,129,5,1,2,512,Leal
529656,2024-05-06 10:02:40,1,202205.18,724,2,1,5,215,Regular
531443,2023-06-05 17:46:39,1,14853.51,1060,1,1,2,112,En Riesgo
557496,2023-04-27 18:39:28,8,32754.58,1099,1,5,3,153,En Riesgo
558305,2024-10-29 17:43:42,1,193.89,548,3,1,1,311,Regular
566385,2025-05-05 12:41:50,9,98526.59,360,4,5,5,455,Leal
572543,2023-10-04 22:22:51,1,32634.26,939,1,1,3,113,En Riesgo
601724,2024-09-19 16:08:26,1,103214.54,588,3,1,5,315,Regular
608046,2023-01-02 09:54:47,1,18283.29,1214,1,1,2,112,En Riesgo
632269,2023-01-11 15:36:13,1,46115.0,1205,1,1,4,114,En Riesgo
633007,2023-01-11 21:14:53,1,9615.58,1205,1,1,1,111,En Riesgo
635255,2023-01-12 17:59:40,1,2039.71,1204,1,1,1,111,En Riesgo
646339,2023-01-16 19:10:38,1,6084.19,1200,1,1,1,111,En Riesgo
659755,2024-11-30 04:55:44,2,80397.21,516,3,5,4,354,Regular
660095,2023-01-21 16:52:38,1,12000.2,1195,1,1,1,111,En Riesgo
661346,2023-01-24 18:54:13,1,165706.47,1192,1,1,5,115,En Riesgo
668856,2023-01-24 17:15:10,1,52580.74,1192,1,1,4,114,En Riesgo
673532,2023-01-26 04:23:11,1,4942.99,1190,1,1,1,111,En Riesgo
681171,2023-03-13 20:30:49,3,38197.87,1144,1,5,3,153,En Riesgo
681816,2023-02-03 19:15:02,1,139999.99,1182,1,1,5,115,En Riesgo
692387,2024-12-18 21:14:25,4,79638.32,498,3,5,4,354,Regular
693875,2023-02-06 18:50:01,1,11560.98,1179,1,1,1,111,En Riesgo
697833,2023-02-02 16:55:12,1,18416.54,1183,1,1,2,112,En Riesgo
701352,2025-07-28 14:50:49,1,17403.16,276,4,1,2,412,Leal
710057,2023-11-15 18:41:52,1,7506.54,897,1,1,1,111,En Riesgo
711349,2023-02-06 17:59:53,2,2771.53,1179,1,5,1,151,En Riesgo
712499,2025-08-09 16:28:46,1,33991.25,264,4,1,3,413,Leal
713979,2026-04-29 21:35:22,99,14127684.39,1,5,5,5,555,VIP
715020,2023-02-16 02:04:34,1,2884.52,1170,1,1,1,111,En Riesgo
716552,2023-02-14 21:48:37,2,88025.15,1171,1,5,4,154,En Riesgo
722611,2023-04-28 16:32:06,4,352928.35,1098,1,5,5,155,En Riesgo
723111,2023-05-09 15:43:55,2,206772.64,1087,1,5,5,155,En Riesgo
731102,2023-02-13 17:43:26,2,136500.0,1172,1,5,5,155,En Riesgo
735722,2023-11-25 14:17:25,2,128252.71,887,1,5,5,155,En Riesgo
737806,2024-02-02 16:01:08,1,127015.36,818,2,1,5,215,Regular
740004,2023-02-16 16:53:13,1,4063.04,1169,1,1,1,111,En Riesgo
740353,2023-02-16 18:57:16,1,72289.49,1169,1,1,4,114,En Riesgo
740427,2024-06-17 15:59:33,2,25133.99,682,2,5,2,252,Regular
740531,2023-02-16 21:33:46,1,55005.63,1169,1,1,4,114,En Riesgo
748155,2023-03-02 15:57:27,2,17641.69,1155,1,5,2,152,En Riesgo
750309,2023-02-19 22:04:38,1,3267.08,1166,1,1,1,111,En Riesgo
755776,2023-02-21 22:45:45,2,445151.07,1164,1,5,5,155,En Riesgo
772613,2024-10-07 19:49:02,1,203091.08,570,3,1,5,315,Regular
773259,2023-02-27 23:37:28,1,4609.71,1158,1,1,1,111,En Riesgo
774916,2023-02-27 17:29:20,1,14685.89,1158,1,1,2,112,En Riesgo
776434,2023-06-06 18:59:16,1,7971.29,1059,1,1,1,111,En Riesgo
787215,2023-03-03 15:29:38,1,91199.99,1154,1,1,5,115,En Riesgo
789739,2025-03-07 23:44:35,1,14781.08,419,4,1,2,412,Leal
794522,2023-03-09 17:56:07,1,178320.86,1148,1,1,5,115,En Riesgo
798364,2024-07-30 12:07:33,3,77272.83,639,2,5,4,254,Regular
806586,2023-03-10 01:48:46,1,20654.16,1148,1,1,2,112,En Riesgo
810682,2023-03-11 14:01:12,1,11400.2,1146,1,1,1,111,En Riesgo
818630,2023-03-28 21:05:10,7,2838.88,1129,1,5,1,151,En Riesgo
822416,2023-03-15 23:53:27,1,15199.99,1142,1,1,2,112,En Riesgo
823004,2023-03-21 17:09:42,1,43898.08,1136,1,1,3,113,En Riesgo
833578,2023-03-23 21:08:16,2,47898.53,1134,1,5,4,154,En Riesgo
836050,2023-06-14 17:50:47,1,38522.02,1051,1,1,3,113,En Riesgo
837668,2023-03-21 19:54:09,1,306341.25,1136,1,1,5,115,En Riesgo
840383,2023-03-22 16:55:53,1,27084.29,1135,1,1,3,113,En Riesgo
850163,2023-03-25 23:24:23,2,35912.25,1132,1,5,3,153,En Riesgo
857647,2024-06-28 16:37:43,4,33365.07,671,2,5,3,253,Regular
863152,2025-01-14 22:10:58,2,196668.81,471,3,5,5,355,Regular
865253,2023-03-30 16:21:18,1,16131.9,1127,1,1,2,112,En Riesgo
865393,2023-03-30 17:01:56,1,12110.01,1127,1,1,1,111,En Riesgo
865576,2023-03-31 21:32:33,1,8655.05,1126,1,1,1,111,En Riesgo
865827,2023-03-30 19:55:49,1,87.1,1127,1,1,1,111,En Riesgo
869291,2023-04-01 03:49:16,1,37179.62,1125,1,1,3,113,En Riesgo
870467,2023-04-01 18:18:57,1,129279.12,1125,1,1,5,115,En Riesgo
871335,2025-07-10 17:05:06,2,88350.79,294,4,5,4,454,Leal
872597,2023-04-03 16:40:53,1,14284.6,1123,1,1,2,112,En Riesgo
876501,2023-11-17 19:47:56,1,12908.81,895,1,1,1,111,En Riesgo
882904,2023-06-30 16:31:49,2,83743.79,1035,1,5,4,154,En Riesgo
904176,2023-04-12 17:38:20,1,33344.99,1114,1,1,3,113,En Riesgo
904622,2023-04-12 19:44:54,1,9.25,1114,1,1,1,111,En Riesgo
904974,2023-04-12 22:19:23,1,7961.08,1114,1,1,1,111,En Riesgo
905553,2023-04-13 02:40:23,1,73911.38,1114,1,1,4,114,En Riesgo
906854,2023-04-13 16:23:43,1,22892.44,1113,1,1,2,112,En Riesgo
906900,2023-04-13 19:17:25,1,226288.43,1113,1,1,5,115,En Riesgo
907129,2023-04-13 17:56:25,1,90586.1,1113,1,1,5,115,En Riesgo
919595,2025-03-31 15:15:01,2,117679.99,395,4,5,5,455,Leal
922255,2023-04-20 16:18:45,2,88415.53,1106,1,5,4,154,En Riesgo
925024,2023-12-06 18:09:07,2,161785.81,876,1,5,5,155,En Riesgo
925218,2024-01-16 15:03:14,1,4905.82,835,2,1,1,211,Regular
925879,2023-04-19 19:36:01,1,15651.63,1107,1,1,2,112,En Riesgo
935341,2023-11-09 14:41:42,1,188836.74,903,1,1,5,115,En Riesgo
940761,2025-10-14 23:20:17,4,15878.7,198,5,5,2,552,VIP
941021,2023-04-25 05:14:48,1,3530.31,1101,1,1,1,111,En Riesgo
944061,2023-04-25 17:28:29,1,8594.68,1101,1,1,1,111,En Riesgo
946607,2025-01-20 21:44:22,1,29536.19,465,3,1,3,313,Regular
949478,2023-04-27 14:45:59,1,11400.2,1099,1,1,1,111,En Riesgo
949742,2023-04-27 18:58:24,1,39481.86,1099,1,1,3,113,En Riesgo
949919,2023-04-27 20:09:42,2,616378.53,1099,1,5,5,155,En Riesgo
957872,2023-08-23 15:24:04,2,120838.19,981,1,5,5,155,En Riesgo
965622,2023-11-24 16:21:44,1,49281.87,888,1,1,4,114,En Riesgo
971882,2023-05-12 01:55:47,1,1287.12,1085,1,1,1,111,En Riesgo
973191,2023-09-09 16:29:02,1,17382.59,964,1,1,2,112,En Riesgo
973899,2024-10-27 20:17:47,1,4673.91,550,3,1,1,311,Regular
977349,2023-09-04 16:30:16,1,31499.99,969,1,1,3,113,En Riesgo
978766,2023-05-08 15:35:19,1,23001.7,1088,1,1,2,112,En Riesgo
982340,2023-05-10 03:38:08,1,36375.73,1086,1,1,3,113,En Riesgo
992319,2023-05-13 03:15:15,1,1597.04,1083,1,1,1,111,En Riesgo
1001600,2023-12-14 17:47:04,1,111450.4,868,1,1,5,115,En Riesgo
1002698,2023-08-02 02:19:28,1,37760.64,1003,1,1,3,113,En Riesgo
1005564,2023-12-05 18:05:46,1,11464.04,877,1,1,1,111,En Riesgo
1005868,2023-06-29 20:49:47,1,7615.88,1036,1,1,1,111,En Riesgo
1009034,2023-05-17 23:04:58,1,90002.18,1079,1,1,4,114,En Riesgo
1016549,2023-06-16 14:05:38,1,148504.83,1049,1,1,5,115,En Riesgo
1023030,2024-10-23 21:17:57,1,17604.03,554,3,1,2,312,Regular
1025554,2023-05-22 13:42:17,1,8962.6,1074,1,1,1,111,En Riesgo
1025894,2023-05-22 18:10:58,1,45702.26,1074,1,1,4,114,En Riesgo
1026596,2023-05-22 21:54:48,1,815.87,1074,1,1,1,111,En Riesgo
1026759,2024-12-24 16:40:53,1,40799.99,492,3,1,3,313,Regular
1027706,2023-05-23 01:44:47,1,5970.12,1074,1,1,1,111,En Riesgo
1035027,2023-05-25 19:42:11,1,21133.4,1071,1,1,2,112,En Riesgo
1035097,2023-05-25 17:59:29,1,21370.5,1071,1,1,2,112,En Riesgo
1035774,2023-05-25 22:08:53,1,9575.12,1071,1,1,1,111,En Riesgo
1038600,2023-05-26 18:47:06,1,13054.99,1070,1,1,1,111,En Riesgo
1038873,2023-05-26 21:05:04,1,29012.18,1070,1,1,3,113,En Riesgo
1039341,2024-05-09 18:57:21,1,35730.31,721,2,1,3,213,Regular
1053411,2023-06-26 11:36:20,1,90002.18,1039,1,1,4,114,En Riesgo
1053707,2023-05-30 21:32:27,1,8321.48,1066,1,1,1,111,En Riesgo
1056988,2023-09-21 17:49:13,1,23464.54,952,1,1,2,112,En Riesgo
1057412,2025-09-23 20:11:40,1,4721.73,219,5,1,1,511,Leal
1057678,2023-05-31 21:35:39,1,7410.0,1065,1,1,1,111,En Riesgo
1061759,2023-06-05 17:10:07,1,20245.75,1060,1,1,2,112,En Riesgo
1072224,2023-06-05 05:18:38,1,35568.55,1060,1,1,3,113,En Riesgo
1074887,2023-06-05 20:21:36,1,29618.66,1060,1,1,3,113,En Riesgo
1076415,2025-01-14 19:10:09,1,75884.74,471,3,1,4,314,Regular
1079797,2023-07-31 18:01:16,1,23305.57,1004,1,1,2,112,En Riesgo
1080432,2023-08-21 00:00:14,1,2957.92,984,1,1,1,111,En Riesgo
1083491,2024-10-01 21:36:03,2,50219.94,576,3,5,4,354,Regular
1083679,2023-06-15 02:00:47,2,896493.07,1051,1,5,5,155,En Riesgo
1084062,2023-06-09 20:32:09,1,26740.55,1056,1,1,3,113,En Riesgo
1085176,2023-08-31 17:00:57,2,75687.18,973,1,5,4,154,En Riesgo
1085751,2023-09-22 19:37:27,6,166468.52,951,1,5,5,155,En Riesgo
1085844,2023-06-14 15:37:50,1,91104.42,1051,1,1,5,115,En Riesgo
1088914,2023-06-12 21:44:17,1,35974.52,1053,1,1,3,113,En Riesgo
1088958,2023-12-08 21:21:06,2,141613.26,874,1,5,5,155,En Riesgo
1089023,2023-06-12 22:13:04,1,72608.64,1053,1,1,4,114,En Riesgo
1090292,2023-06-13 16:19:32,1,35956.25,1052,1,1,3,113,En Riesgo
1090592,2023-06-13 22:40:07,1,45552.21,1052,1,1,4,114,En Riesgo
1091078,2024-07-04 22:14:36,2,48790.68,665,2,5,4,254,Regular
1092159,2023-06-15 18:41:37,1,25374.49,1050,1,1,2,112,En Riesgo
1095446,2023-06-16 19:43:45,1,20245.75,1049,1,1,2,112,En Riesgo
1100349,2023-06-19 19:46:15,1,31745.37,1046,1,1,3,113,En Riesgo
1102139,2023-06-20 20:55:45,1,16200.17,1045,1,1,2,112,En Riesgo
1102239,2023-06-20 20:19:28,1,11715.7,1045,1,1,1,111,En Riesgo
1102272,2023-06-20 20:35:16,1,7542.07,1045,1,1,1,111,En Riesgo
1103908,2023-07-03 14:30:55,1,16694.61,1032,1,1,2,112,En Riesgo
1103945,2023-06-21 21:30:23,1,42000.0,1044,1,1,3,113,En Riesgo
1104791,2023-06-22 14:25:54,1,32683.4,1043,1,1,3,113,En Riesgo
1106096,2023-06-29 22:05:32,1,14267.23,1036,1,1,2,112,En Riesgo
1106796,2023-06-23 18:43:58,1,18848.03,1042,1,1,2,112,En Riesgo
1108751,2023-07-05 22:08:44,1,114309.56,1030,1,1,5,115,En Riesgo
1109814,2023-07-10 22:03:56,1,111461.72,1025,1,1,5,115,En Riesgo
1111163,2023-07-03 21:02:10,3,126160.84,1032,1,5,5,155,En Riesgo
1111321,2023-06-26 16:03:23,1,32197.5,1039,1,1,3,113,En Riesgo
1111661,2023-06-26 20:48:23,2,91104.21,1039,1,5,5,155,En Riesgo
1111865,2023-06-26 23:16:36,1,20245.75,1039,1,1,2,112,En Riesgo
1117223,2025-12-16 21:05:22,2,22955.18,135,5,5,2,552,VIP
1119469,2023-07-01 17:31:47,1,27318.13,1034,1,1,3,113,En Riesgo
1123289,2025-07-18 20:49:10,1,21443.0,286,4,1,2,412,Leal
1124130,2023-10-14 22:30:37,1,36174.22,929,1,1,3,113,En Riesgo
1124576,2023-07-05 04:06:23,2,64516.17,1030,1,5,4,154,En Riesgo
1126141,2023-07-05 22:12:53,1,15508.23,1030,1,1,2,112,En Riesgo
1127970,2023-07-07 21:05:43,1,11050.97,1028,1,1,1,111,En Riesgo
1130432,2024-01-02 18:27:56,1,16800.89,849,1,1,2,112,En Riesgo
1130827,2023-07-08 20:31:56,1,15928.95,1027,1,1,2,112,En Riesgo
1132613,2023-07-14 23:02:57,3,35350.59,1021,1,5,3,153,En Riesgo
1135617,2023-07-11 20:30:22,1,16574.39,1024,1,1,2,112,En Riesgo
1135675,2023-07-17 17:55:48,1,14176.44,1018,1,1,2,112,En Riesgo
1135839,2023-07-18 18:49:13,1,33515.55,1017,1,1,3,113,En Riesgo
1136826,2023-07-12 21:19:00,1,33232.22,1023,1,1,3,113,En Riesgo
1137034,2023-07-13 15:06:23,1,347823.04,1022,1,1,5,115,En Riesgo
1137352,2023-07-18 15:48:36,1,57527.35,1017,1,1,4,114,En Riesgo
1138718,2023-07-15 17:09:39,1,58500.0,1020,1,1,4,114,En Riesgo
1138755,2023-07-13 19:39:37,1,10800.18,1022,1,1,1,111,En Riesgo
1140082,2023-08-28 07:29:19,1,27532.44,976,1,1,3,113,En Riesgo
1140202,2023-07-14 16:23:22,1,92871.59,1021,1,1,5,115,En Riesgo
1140327,2023-07-28 21:33:14,1,11225.94,1007,1,1,1,111,En Riesgo
1141920,2023-07-22 20:37:48,1,153000.01,1013,1,1,5,115,En Riesgo
1142025,2023-08-12 15:58:33,1,47154.9,992,1,1,4,114,En Riesgo
1143116,2023-07-16 14:19:03,1,42860.43,1019,1,1,3,113,En Riesgo
1144298,2023-07-17 22:05:22,1,70996.22,1018,1,1,4,114,En Riesgo
1145350,2023-08-04 17:22:02,1,179999.99,1000,1,1,5,115,En Riesgo
1146181,2023-07-19 14:29:09,1,114537.03,1016,1,1,5,115,En Riesgo
1147108,2023-07-19 16:06:59,1,26037.46,1016,1,1,3,113,En Riesgo
1148153,2023-08-08 20:42:44,1,8341.83,996,1,1,1,111,En Riesgo
1151321,2023-07-21 20:48:01,1,7076.0,1014,1,1,1,111,En Riesgo
1151732,2023-08-18 14:18:31,1,10954.47,986,1,1,1,111,En Riesgo
1154463,2023-07-25 17:50:22,1,85805.35,1010,1,1,4,114,En Riesgo
1157086,2023-07-25 16:39:53,1,94225.66,1010,1,1,5,115,En Riesgo
1159021,2024-11-18 18:39:56,2,80000.0,528,3,5,4,354,Regular
1159631,2023-07-27 04:43:45,1,16488.24,1008,1,1,2,112,En Riesgo
1161359,2023-07-28 17:51:08,1,27511.15,1007,1,1,3,113,En Riesgo
1161861,2023-07-28 20:40:22,1,239961.15,1007,1,1,5,115,En Riesgo
1166433,2023-08-09 17:44:44,1,20824.58,995,1,1,2,112,En Riesgo
1167123,2023-07-31 23:58:21,1,91104.42,1004,1,1,5,115,En Riesgo
1169335,2023-10-18 20:34:33,1,64340.15,925,1,1,4,114,En Riesgo
1169495,2023-08-14 18:12:25,1,21424.75,990,1,1,2,112,En Riesgo
1170093,2026-03-25 11:44:10,14,169772.31,36,5,5,5,555,VIP
1170794,2024-01-30 14:17:31,1,25470.26,821,2,1,2,212,Regular
1171694,2023-08-03 17:10:43,1,17382.59,1001,1,1,2,112,En Riesgo
1171907,2023-08-18 20:51:58,2,23474.62,986,1,5,2,152,En Riesgo
1173522,2023-08-04 20:02:04,1,82728.42,1000,1,1,4,114,En Riesgo
1173815,2023-08-04 23:13:14,1,68035.98,1000,1,1,4,114,En Riesgo
1177326,2023-08-07 19:55:26,1,19776.21,997,1,1,2,112,En Riesgo
1177392,2023-08-07 21:04:31,1,5645.32,997,1,1,1,111,En Riesgo
1178770,2023-08-28 20:58:53,1,76377.2,976,1,1,4,114,En Riesgo
1178865,2023-08-21 19:51:54,1,87985.85,983,1,1,4,114,En Riesgo
1179005,2023-08-08 20:56:06,1,20648.55,996,1,1,2,112,En Riesgo
1180483,2023-08-11 15:08:40,1,35587.89,993,1,1,3,113,En Riesgo
1181970,2024-01-26 14:55:13,3,434999.99,825,2,5,5,255,Regular
1182195,2023-08-10 19:57:32,1,45359.87,994,1,1,4,114,En Riesgo
1183393,2023-08-11 14:18:43,1,17800.0,993,1,1,2,112,En Riesgo
1183517,2023-08-15 18:07:23,1,12279.81,989,1,1,1,111,En Riesgo
1184140,2023-08-11 23:36:24,2,271246.32,993,1,5,5,155,En Riesgo
1185018,2023-08-16 21:01:38,1,148496.97,988,1,1,5,115,En Riesgo
1189467,2023-08-15 17:11:29,1,20648.55,989,1,1,2,112,En Riesgo
1190955,2023-08-17 18:08:58,1,10963.03,987,1,1,1,111,En Riesgo
1191308,2023-08-30 02:38:26,1,36386.68,975,1,1,3,113,En Riesgo
1192845,2023-08-17 18:32:23,1,36001.44,987,1,1,3,113,En Riesgo
1192899,2024-02-01 16:25:21,3,48221.67,819,2,5,4,254,Regular
1192928,2023-08-17 19:36:51,1,127957.55,987,1,1,5,115,En Riesgo
1193137,2023-08-17 22:25:47,1,9539.29,987,1,1,1,111,En Riesgo
1193658,2023-09-12 20:31:37,1,24265.41,961,1,1,2,112,En Riesgo
1194380,2024-03-19 20:31:19,2,63356.22,772,2,5,4,254,Regular
1195000,2023-08-20 14:28:17,1,148496.97,984,1,1,5,115,En Riesgo
1196250,2023-09-04 18:01:31,2,9348.94,969,1,5,1,151,En Riesgo
1198135,2023-08-21 00:19:58,1,25584.92,984,1,1,2,112,En Riesgo
1199512,2023-08-24 15:39:32,1,21508.06,980,1,1,2,112,En Riesgo
1202339,2025-03-29 10:33:14,3,43790.98,397,4,5,3,453,Leal
1202639,2023-08-23 16:24:49,1,43536.72,981,1,1,3,113,En Riesgo
1204283,2023-08-28 19:08:41,1,10617.85,976,1,1,1,111,En Riesgo
1204424,2023-08-25 21:56:49,1,12892.32,979,1,1,1,111,En Riesgo
1205024,2025-07-23 16:05:16,6,253957.66,281,4,5,5,455,Leal
1205103,2023-08-25 14:07:35,1,62542.28,979,1,1,4,114,En Riesgo
1206354,2023-08-29 21:06:35,1,21602.23,975,1,1,2,112,En Riesgo
1210516,2023-08-28 15:06:54,1,148496.97,976,1,1,5,115,En Riesgo
1210794,2023-08-28 18:19:38,1,3093.56,976,1,1,1,111,En Riesgo
1210799,2023-08-28 22:06:50,1,21600.0,976,1,1,2,112,En Riesgo
1210925,2023-08-29 20:28:49,1,47283.86,975,1,1,4,114,En Riesgo
1211137,2023-08-28 21:53:31,1,11551.63,976,1,1,1,111,En Riesgo
1211341,2024-05-04 01:52:43,1,10153.06,727,2,1,1,211,Regular
1216359,2023-09-01 19:33:41,1,3521.78,972,1,1,1,111,En Riesgo
1217105,2023-09-01 16:14:03,1,55861.95,972,1,1,4,114,En Riesgo
1217477,2023-09-01 19:38:15,1,33637.99,972,1,1,3,113,En Riesgo
1217566,2023-09-01 22:04:09,1,37600.52,972,1,1,3,113,En Riesgo
1217737,2024-05-02 16:49:54,3,45699.53,728,2,5,4,254,Regular
1220176,2023-09-04 11:45:19,1,11064.01,969,1,1,1,111,En Riesgo
1220756,2023-09-04 19:41:25,1,45705.83,969,1,1,4,114,En Riesgo
1221120,2023-09-27 21:37:29,1,25231.77,946,1,1,2,112,En Riesgo
1222088,2023-09-27 17:13:57,1,25436.24,946,1,1,2,112,En Riesgo
1222289,2023-10-01 20:50:00,2,19827.46,942,1,5,2,152,En Riesgo
1222300,2023-09-05 20:52:31,1,24891.49,968,1,1,2,112,En Riesgo
1222333,2023-09-05 17:27:09,1,11464.04,968,1,1,1,111,En Riesgo
1222549,2023-09-28 19:27:13,1,40150.14,945,1,1,3,113,En Riesgo
1222661,2023-09-05 21:42:32,1,107114.26,968,1,1,5,115,En Riesgo
1222838,2023-09-15 16:45:28,1,13253.61,958,1,1,1,111,En Riesgo
1223746,2024-02-12 16:09:22,2,192885.1,808,2,5,5,255,Regular
1223973,2023-09-06 18:21:54,2,30135.12,967,1,5,3,153,En Riesgo
1225598,2024-02-21 20:19:38,1,81895.74,799,2,1,4,214,Regular
1225777,2023-09-07 19:26:01,1,154659.71,966,1,1,5,115,En Riesgo
1226499,2023-09-08 05:03:41,1,97306.76,965,1,1,5,115,En Riesgo
1227111,2023-09-08 15:33:49,1,69511.5,965,1,1,4,114,En Riesgo
1228010,2023-10-08 21:42:29,1,4670.22,935,1,1,1,111,En Riesgo
1228614,2023-09-09 14:44:33,1,5417.91,964,1,1,1,111,En Riesgo
1228746,2023-09-09 16:17:14,1,45142.66,964,1,1,4,114,En Riesgo
1228790,2023-09-09 16:54:16,1,77257.4,964,1,1,4,114,En Riesgo
1229227,2023-09-11 20:33:18,1,23999.99,962,1,1,2,112,En Riesgo
1230192,2025-05-04 09:00:02,5,38654.02,361,4,5,3,453,Leal
1230573,2023-09-28 20:42:14,1,45537.67,945,1,1,4,114,En Riesgo
1231404,2023-09-11 15:02:50,1,40150.14,962,1,1,3,113,En Riesgo
1231528,2023-09-14 18:30:29,2,83403.94,959,1,5,4,154,En Riesgo
1231732,2023-10-01 21:24:05,1,13825.02,942,1,1,2,112,En Riesgo
1232519,2023-10-05 18:09:34,3,85481.03,938,1,5,4,154,En Riesgo
1232993,2023-09-12 17:55:59,1,18926.46,961,1,1,2,112,En Riesgo
1233044,2023-09-18 17:21:49,1,16844.74,955,1,1,2,112,En Riesgo
1233903,2023-09-13 01:34:18,1,8116.36,961,1,1,1,111,En Riesgo
1234698,2023-09-16 15:21:57,1,21686.89,957,1,1,2,112,En Riesgo
1235425,2023-09-14 00:37:27,1,6.09,960,1,1,1,111,En Riesgo
1236521,2023-09-14 18:09:53,1,107118.27,959,1,1,5,115,En Riesgo
1240176,2023-09-17 02:52:06,1,20463.03,956,1,1,2,112,En Riesgo
1240722,2023-09-17 12:37:46,1,6288.86,956,1,1,1,111,En Riesgo
1242195,2023-09-20 09:50:12,1,20463.03,953,1,1,2,112,En Riesgo
1242586,2023-09-20 14:41:02,1,7664.01,953,1,1,1,111,En Riesgo
1243051,2023-09-18 22:22:53,1,29618.66,955,1,1,3,113,En Riesgo
1244167,2023-09-19 15:12:23,1,73473.3,954,1,1,4,114,En Riesgo
1244368,2023-09-19 17:34:42,1,21686.89,954,1,1,2,112,En Riesgo
1244630,2023-09-19 20:40:15,1,13626.88,954,1,1,2,112,En Riesgo
1246199,2023-09-20 19:40:35,1,14782.42,953,1,1,2,112,En Riesgo
1246323,2023-09-26 20:29:31,1,110867.46,947,1,1,5,115,En Riesgo
1246759,2024-06-07 14:44:35,2,69274.0,692,2,5,4,254,Regular
1247810,2023-09-26 18:07:04,1,70926.87,947,1,1,4,114,En Riesgo
1249380,2023-09-22 20:01:51,1,23391.0,951,1,1,2,112,En Riesgo
1249407,2023-12-16 22:22:35,1,66309.97,866,1,1,4,114,En Riesgo
1255494,2023-09-26 20:23:28,1,16574.21,947,1,1,2,112,En Riesgo
1255931,2023-09-26 23:23:26,1,219855.13,947,1,1,5,115,En Riesgo
1256236,2025-01-23 15:50:11,2,31941.8,462,3,5,3,353,Regular
1257069,2025-04-06 16:11:24,1,6488.46,389,4,1,1,411,Leal
1258681,2023-12-20 16:52:35,4,165436.32,862,1,5,5,155,En Riesgo
1260496,2023-12-28 19:46:31,1,16899.95,854,1,1,2,112,En Riesgo
1264933,2023-10-02 19:14:50,1,26616.36,941,1,1,3,113,En Riesgo
1265032,2023-10-03 20:47:17,1,16574.21,940,1,1,2,112,En Riesgo
1266752,2023-11-24 18:25:36,2,49989.99,888,1,5,4,154,En Riesgo
1267058,2023-10-05 00:04:08,2,47996.3,939,1,5,4,154,En Riesgo
1267990,2024-07-10 18:50:17,1,38840.42,659,2,1,3,213,Regular
1268049,2023-10-04 16:02:45,1,5787.42,939,1,1,1,111,En Riesgo
1268457,2023-10-09 17:45:48,1,156267.32,934,1,1,5,115,En Riesgo
1268607,2023-10-12 14:09:11,2,18534.77,931,1,5,2,152,En Riesgo
1268851,2023-10-05 17:46:06,1,35445.9,938,1,1,3,113,En Riesgo
1269008,2024-06-20 19:47:23,1,9899.72,679,2,1,1,211,Regular
1269902,2024-01-27 16:40:32,2,71254.56,824,2,5,4,254,Regular
1270113,2023-11-08 04:17:19,1,42838.82,904,1,1,3,113,En Riesgo
1271493,2025-05-30 21:08:42,5,539263.46,335,4,5,5,455,Leal
1271899,2023-10-10 21:43:57,1,36174.22,933,1,1,3,113,En Riesgo
1273610,2023-12-22 15:11:08,1,25470.26,860,1,1,2,112,En Riesgo
1277599,2023-10-10 12:48:49,1,20463.03,933,1,1,2,112,En Riesgo
1278162,2023-10-16 14:09:49,1,181915.88,927,1,1,5,115,En Riesgo
1279018,2023-10-11 18:20:42,1,13278.71,932,1,1,1,111,En Riesgo
1279749,2023-10-12 22:45:44,1,27872.22,931,1,1,3,113,En Riesgo
1279899,2023-10-11 22:39:30,1,27772.98,932,1,1,3,113,En Riesgo
1280333,2023-10-12 15:06:53,1,39473.63,931,1,1,3,113,En Riesgo
1281181,2023-10-12 16:26:44,1,37810.62,931,1,1,3,113,En Riesgo
1282951,2023-10-24 17:56:16,2,104001.58,919,1,5,5,155,En Riesgo
1283172,2023-10-13 20:18:53,1,45537.67,930,1,1,4,114,En Riesgo
1283179,2023-10-14 18:52:16,1,32634.26,929,1,1,3,113,En Riesgo
1283494,2024-02-26 18:59:05,1,59536.05,794,2,1,4,214,Regular
1284275,2023-10-20 16:19:08,1,141032.69,923,1,1,5,115,En Riesgo
1284679,2023-10-16 20:57:41,1,36174.22,927,1,1,3,113,En Riesgo
1285421,2023-10-15 14:28:29,1,20463.03,928,1,1,2,112,En Riesgo
1285952,2025-10-29 00:02:56,1,119315.82,184,5,1,5,515,Leal
1286054,2025-05-02 17:54:10,2,83664.01,363,4,5,4,454,Leal
1286953,2023-10-16 05:44:44,1,26000.4,927,1,1,3,113,En Riesgo
1287969,2023-10-16 22:14:07,1,28935.56,927,1,1,3,113,En Riesgo
1288066,2025-05-06 20:30:16,5,75465.9,359,4,5,4,454,Leal
1288338,2023-10-18 00:52:35,1,45705.83,926,1,1,4,114,En Riesgo
1290882,2023-10-18 17:08:23,1,45537.67,925,1,1,4,114,En Riesgo
1291132,2023-10-18 20:16:57,1,86663.41,925,1,1,4,114,En Riesgo
1291256,2024-04-20 01:54:54,1,70821.12,741,2,1,4,214,Regular
1291434,2023-10-19 19:15:49,1,70083.53,924,1,1,4,114,En Riesgo
1292692,2023-10-19 18:36:03,1,132515.51,924,1,1,5,115,En Riesgo
1294400,2023-10-20 16:50:32,1,39434.82,923,1,1,3,113,En Riesgo
1294557,2023-10-20 18:29:30,1,45414.99,923,1,1,4,114,En Riesgo
1294774,2023-10-20 21:32:13,1,9196.64,923,1,1,1,111,En Riesgo
1296261,2023-10-25 17:29:27,1,7365.09,918,1,1,1,111,En Riesgo
1299955,2023-10-24 03:01:22,1,44545.48,919,1,1,3,113,En Riesgo
1300936,2023-10-25 21:55:09,1,17556.4,918,1,1,2,112,En Riesgo
1301109,2023-10-24 21:49:40,1,15031.42,919,1,1,2,112,En Riesgo
1302430,2024-08-20 21:06:59,3,111569.46,618,2,5,5,255,Regular
1302514,2023-10-25 18:00:21,1,62455.62,918,1,1,4,114,En Riesgo
1302716,2023-10-30 17:55:50,1,40500.88,913,1,1,3,113,En Riesgo
1302754,2023-11-04 16:10:54,1,137011.08,908,1,1,5,115,En Riesgo
1303592,2023-10-26 04:12:35,1,43256.94,917,1,1,3,113,En Riesgo
1304934,2023-10-26 22:54:45,1,11064.01,917,1,1,1,111,En Riesgo
1306094,2023-10-27 23:12:37,1,44703.25,916,1,1,3,113,En Riesgo
1306237,2023-10-27 20:57:45,1,45142.68,916,1,1,4,114,En Riesgo
1307620,2023-10-28 14:06:58,1,13592.62,915,1,1,2,112,En Riesgo
1309977,2026-04-09 21:03:13,1,44133.8,21,5,1,3,513,Leal
1311458,2023-12-21 21:18:16,2,28542.68,861,1,5,3,153,En Riesgo
1312889,2023-10-31 18:57:59,1,495589.75,912,1,1,5,115,En Riesgo
1313449,2023-11-01 00:27:30,1,8193.95,912,1,1,1,111,En Riesgo
1313571,2023-11-01 14:17:05,1,13532.78,911,1,1,2,112,En Riesgo
1315520,2023-11-01 18:10:10,1,50765.61,911,1,1,4,114,En Riesgo
1315746,2023-11-01 20:17:56,1,76499.92,911,1,1,4,114,En Riesgo
1317521,2023-11-06 15:03:39,1,45705.83,906,1,1,4,114,En Riesgo
1317666,2023-11-03 14:16:58,1,84048.22,909,1,1,4,114,En Riesgo
1318401,2023-11-06 15:14:34,2,201406.3,906,1,5,5,155,En Riesgo
1318627,2023-12-14 18:22:10,1,20667.68,868,1,1,2,112,En Riesgo
1319008,2023-11-09 15:43:21,1,172534.05,903,1,1,5,115,En Riesgo
1320507,2024-05-09 17:48:28,1,38191.02,721,2,1,3,213,Regular
1324582,2024-05-15 17:38:57,1,52179.74,715,2,1,4,214,Regular
1325106,2023-11-07 17:20:20,1,45414.99,905,1,1,4,114,En Riesgo
1325137,2023-11-07 17:29:30,1,16574.21,905,1,1,2,112,En Riesgo
1326809,2023-11-08 17:26:42,1,45013.84,904,1,1,4,114,En Riesgo
1327157,2023-11-10 20:49:59,1,3600.0,902,1,1,1,111,En Riesgo
1328326,2023-11-15 20:58:28,1,51332.53,897,1,1,4,114,En Riesgo
1328365,2023-11-23 15:25:41,1,47265.79,889,1,1,4,114,En Riesgo
1329066,2026-04-30 13:13:34,1,59740.24,0,5,1,4,514,Leal
1330033,2023-11-10 17:34:33,1,4047.5,902,1,1,1,111,En Riesgo
1330140,2025-04-02 19:28:38,4,299865.46,393,4,5,5,455,Leal
1331423,2023-11-15 14:13:45,1,10820.9,897,1,1,1,111,En Riesgo
1333238,2023-11-12 18:29:42,1,42038.82,900,1,1,3,113,En Riesgo
1334148,2023-11-30 20:05:47,1,61390.74,882,1,1,4,114,En Riesgo
1335730,2024-06-11 21:19:31,1,25999.04,688,2,1,3,213,Regular
1336099,2024-07-31 17:32:07,1,96787.61,638,2,1,5,215,Regular
1338328,2023-11-15 20:27:46,2,170854.3,897,1,5,5,155,En Riesgo
1338476,2023-11-15 22:59:07,1,11464.04,897,1,1,1,111,En Riesgo
1340544,2023-11-17 03:45:56,1,31488.58,895,1,1,3,113,En Riesgo
1341014,2024-02-21 19:56:11,1,9671.33,799,2,1,1,211,Regular
1341272,2023-11-17 16:56:55,1,10350.0,895,1,1,1,111,En Riesgo
1343067,2023-11-18 17:56:50,1,11464.04,894,1,1,1,111,En Riesgo
1343325,2024-09-01 04:59:02,5,49743.5,606,3,5,4,354,Regular
1343350,2023-11-23 22:27:04,1,33799.12,889,1,1,3,113,En Riesgo
1344605,2023-11-19 19:36:04,1,71999.03,893,1,1,4,114,En Riesgo
1345250,2024-05-16 14:42:52,3,443546.89,714,2,5,5,255,Regular
1347734,2023-11-22 20:17:20,1,15502.33,890,1,1,2,112,En Riesgo
1347963,2024-09-12 22:34:35,9,30420.87,595,3,5,3,353,Regular
1348183,2024-01-31 20:33:46,2,170989.33,820,2,5,5,255,Regular
1348459,2025-12-25 17:32:58,3,175274.43,126,5,5,5,555,VIP
1349735,2023-11-22 20:23:20,1,4027.27,890,1,1,1,111,En Riesgo
1349884,2023-11-22 22:22:46,1,105197.43,890,1,1,5,115,En Riesgo
1350625,2023-11-23 10:13:02,1,3638.32,889,1,1,1,111,En Riesgo
1351166,2023-11-25 15:05:47,1,20718.27,887,1,1,2,112,En Riesgo
1352468,2023-11-24 14:03:04,1,45869.14,888,1,1,4,114,En Riesgo
1352684,2023-11-30 15:28:39,1,52492.91,882,1,1,4,114,En Riesgo
1352686,2023-11-24 16:32:33,1,84391.7,888,1,1,4,114,En Riesgo
1352750,2023-11-28 15:36:55,1,55315.38,884,1,1,4,114,En Riesgo
1352806,2023-11-24 18:30:10,1,7980.98,888,1,1,1,111,En Riesgo
1352984,2023-11-24 20:58:09,1,50492.42,888,1,1,4,114,En Riesgo
1352989,2023-11-24 21:08:01,1,68524.75,888,1,1,4,114,En Riesgo
1353039,2023-11-24 22:14:36,1,27071.26,888,1,1,3,113,En Riesgo
1355646,2023-11-26 14:03:27,1,1889.95,886,1,1,1,111,En Riesgo
1355777,2026-01-27 18:11:10,3,60397.13,93,5,5,4,554,VIP
1355897,2023-12-26 01:52:40,1,29403.61,857,1,1,3,113,En Riesgo
1356966,2024-01-16 23:28:24,1,15502.33,835,2,1,2,212,Regular
1358893,2023-12-04 14:58:20,1,5922.99,878,1,1,1,111,En Riesgo
1358960,2023-12-30 02:36:46,1,9705.06,853,1,1,1,111,En Riesgo
1359605,2023-11-30 18:52:00,1,84048.22,882,1,1,4,114,En Riesgo
1359685,2025-12-17 21:51:24,2,62978.66,134,5,5,4,554,VIP
1359918,2023-11-30 21:52:01,2,26515.39,882,1,5,3,153,En Riesgo
1361590,2023-12-04 16:38:56,1,40684.4,878,1,1,3,113,En Riesgo
1361823,2023-12-01 18:00:28,1,11348.4,881,1,1,1,111,En Riesgo
1362143,2023-12-01 02:20:31,1,6917.32,882,1,1,1,111,En Riesgo
1363132,2024-06-24 15:11:57,2,45257.23,675,2,5,4,254,Regular
1364463,2023-12-02 15:46:45,1,25690.62,880,1,1,2,112,En Riesgo
1364656,2026-02-01 16:21:53,1,12492.9,88,5,1,1,511,Leal
1364746,2023-12-02 19:07:56,1,5922.58,880,1,1,1,111,En Riesgo
1367426,2023-12-08 16:57:21,1,12148.66,874,1,1,1,111,En Riesgo
1369172,2023-12-05 15:50:35,1,7276.64,877,1,1,1,111,En Riesgo
1369397,2023-12-05 17:44:54,1,155362.57,877,1,1,5,115,En Riesgo
1369498,2023-12-05 19:06:13,1,53293.23,877,1,1,4,114,En Riesgo
1369512,2023-12-09 14:34:08,1,15502.33,873,1,1,2,112,En Riesgo
1372906,2023-12-07 22:53:07,1,44703.25,875,1,1,3,113,En Riesgo
1372922,2023-12-07 21:06:01,1,14841.68,875,1,1,2,112,En Riesgo
1375735,2023-12-15 21:11:34,1,33063.38,867,1,1,3,113,En Riesgo
1375844,2023-12-09 17:21:59,2,82135.08,873,1,5,4,154,En Riesgo
1376526,2023-12-10 02:12:06,2,25127.65,873,1,5,2,152,En Riesgo
1378081,2024-03-02 18:24:48,1,4670.24,789,2,1,1,211,Regular
1378137,2023-12-11 03:02:19,1,21681.22,871,1,1,2,112,En Riesgo
1378925,2023-12-11 16:24:57,1,64255.94,871,1,1,4,114,En Riesgo
1379000,2026-01-26 13:04:19,3,87587.85,94,5,5,4,554,VIP
1379096,2023-12-19 16:00:31,1,7085.65,863,1,1,1,111,En Riesgo
1380892,2023-12-12 18:28:58,1,53299.84,870,1,1,4,114,En Riesgo
1381465,2023-12-18 03:13:25,1,4478.42,864,1,1,1,111,En Riesgo
1381669,2024-02-05 20:22:42,1,136001.68,815,2,1,5,215,Regular
1382185,2026-02-03 19:11:02,3,122678.33,86,5,5,5,555,VIP
1382655,2024-09-29 04:10:59,1,41414.48,578,3,1,3,313,Regular
1382687,2023-12-14 19:44:17,2,21307.62,868,1,5,2,152,En Riesgo
1384068,2023-12-14 18:27:33,1,2061.67,868,1,1,1,111,En Riesgo
1384205,2024-11-26 16:08:56,2,103996.16,520,3,5,5,355,Regular
1384352,2024-04-16 21:01:32,1,38854.77,744,2,1,3,213,Regular
1385979,2023-12-20 18:59:19,2,32727.15,862,1,5,3,153,En Riesgo
1386253,2023-12-16 01:00:30,1,36999.4,867,1,1,3,113,En Riesgo
1388650,2023-12-18 18:50:46,1,12908.81,864,1,1,1,111,En Riesgo
1391886,2023-12-19 22:11:09,1,45525.75,863,1,1,4,114,En Riesgo
1391979,2023-12-19 18:15:34,1,22500.77,863,1,1,2,112,En Riesgo
1392142,2023-12-27 17:03:08,1,29375.04,855,1,1,3,113,En Riesgo
1393939,2023-12-22 02:29:11,1,22500.77,861,1,1,2,112,En Riesgo
1395765,2023-12-30 19:29:58,1,49281.87,852,1,1,4,114,En Riesgo
1396541,2024-10-17 17:57:14,3,160417.69,560,3,5,5,355,Regular
1396884,2023-12-22 23:12:19,1,41581.88,860,1,1,3,113,En Riesgo
1400769,2023-12-25 16:45:40,1,31838.81,857,1,1,3,113,En Riesgo
1401752,2023-12-26 06:30:20,1,11987.29,856,1,1,1,111,En Riesgo
1402335,2023-12-26 16:18:58,1,15859.92,856,1,1,2,112,En Riesgo
1402347,2023-12-27 21:56:09,1,103562.56,855,1,1,5,115,En Riesgo
1403142,2023-12-27 03:12:18,1,193717.08,855,1,1,5,115,En Riesgo
1403931,2023-12-27 17:01:42,1,41742.14,855,1,1,3,113,En Riesgo
1404362,2024-01-04 19:19:13,1,23220.05,847,1,1,2,112,En Riesgo
1405632,2024-01-30 16:27:20,1,44195.69,821,2,1,3,213,Regular
1405802,2023-12-28 20:16:25,1,27071.26,854,1,1,3,113,En Riesgo
1406083,2023-12-29 14:40:48,1,49633.62,853,1,1,4,114,En Riesgo
1406667,2024-04-09 18:02:41,1,39822.71,751,2,1,3,213,Regular
1407478,2023-12-29 20:49:48,1,14088.75,853,1,1,2,112,En Riesgo
1407933,2023-12-30 02:59:19,1,11212.47,852,1,1,1,111,En Riesgo
1408779,2023-12-30 18:00:10,1,45525.75,852,1,1,4,114,En Riesgo
1409072,2023-12-30 21:16:38,1,9705.06,852,1,1,1,111,En Riesgo
1410179,2024-01-02 22:33:15,1,27071.26,849,1,1,3,113,En Riesgo
1412862,2024-01-02 16:57:53,1,45525.75,849,1,1,4,114,En Riesgo
1412893,2024-01-02 16:03:58,1,49281.87,849,1,1,4,114,En Riesgo
1412920,2024-12-06 14:47:46,3,98900.04,510,3,5,5,355,Regular
1413120,2024-01-03 15:11:54,1,43362.44,848,1,1,3,113,En Riesgo
1413165,2024-01-03 00:47:49,1,64255.94,849,1,1,4,114,En Riesgo
1416520,2024-01-04 18:47:32,3,44519.16,847,1,5,3,153,En Riesgo
1416615,2024-01-04 19:32:17,1,7056.6,847,1,1,1,111,En Riesgo
1416618,2024-01-06 14:52:58,1,19630.88,845,1,1,2,112,En Riesgo
1417949,2024-01-05 18:02:11,1,91051.49,846,1,1,5,115,En Riesgo
1418135,2024-01-05 19:46:25,1,235530.3,846,1,1,5,115,En Riesgo
1419618,2024-01-11 16:10:36,1,16800.89,840,1,1,2,112,En Riesgo
1420069,2024-01-06 21:26:08,1,45525.75,845,1,1,4,114,En Riesgo
1420070,2024-01-06 21:26:17,1,11892.58,845,1,1,1,111,En Riesgo
1421683,2024-01-07 22:43:44,1,14309.73,844,1,1,2,112,En Riesgo
1421808,2024-08-23 01:54:46,3,77954.89,616,2,5,4,254,Regular
1422781,2024-01-08 16:05:13,1,32999.86,843,1,1,3,113,En Riesgo
1422986,2025-02-25 15:14:32,1,38567.95,429,4,1,3,413,Leal
1423130,2024-01-08 19:14:39,1,21681.22,843,1,1,2,112,En Riesgo
1423325,2024-01-08 22:21:55,1,2814.05,843,1,1,1,111,En Riesgo
1424548,2024-01-09 14:58:48,2,5184.81,842,1,5,1,151,En Riesgo
1424839,2024-01-09 19:36:36,1,77573.81,842,1,1,4,114,En Riesgo
1425002,2024-01-09 19:55:42,1,77573.81,842,1,1,4,114,En Riesgo
1425589,2024-01-10 16:04:01,1,25994.97,841,1,1,2,112,En Riesgo
1428293,2024-01-16 16:44:43,1,124171.87,835,2,1,5,215,Regular
1428783,2024-01-12 00:23:39,2,75816.63,840,1,5,4,154,En Riesgo
1429442,2024-12-31 15:59:21,1,56623.14,485,3,1,4,314,Regular
1429982,2024-01-12 15:48:17,1,18967.2,839,2,1,2,212,Regular
1431084,2024-02-14 07:36:44,1,139999.84,806,2,1,5,215,Regular
1431909,2024-01-13 19:07:32,3,133287.39,838,2,5,5,255,Regular
1435535,2024-01-23 16:37:55,1,97241.58,828,2,2,5,225,Regular
1435749,2024-01-29 05:00:58,1,25999.99,822,2,2,3,223,Regular
1436528,2024-10-04 16:38:20,2,27114.39,573,3,5,3,353,Regular
1436847,2024-01-17 14:52:08,1,40584.68,834,2,2,3,223,Regular
1437693,2024-01-17 16:55:24,1,8010.25,834,2,2,1,221,Regular
1439148,2024-01-17 21:39:34,1,58164.98,834,2,2,4,224,Regular
1439251,2024-02-12 16:28:43,1,54145.71,808,2,2,4,224,Regular
1442015,2024-01-18 19:27:39,1,26015.99,833,2,2,3,223,Regular
1442106,2025-01-26 15:49:43,2,38613.7,459,3,5,3,353,Regular
1442809,2024-03-20 14:55:51,1,24630.72,771,2,2,2,222,Regular
1443520,2025-01-25 17:58:00,3,54434.19,460,3,5,4,354,Regular
1443965,2024-01-23 18:56:54,1,11787.11,828,2,2,1,221,Regular
1445170,2025-04-30 14:48:08,3,349086.71,365,4,5,5,455,Leal
1445372,2024-03-08 18:03:11,2,48066.06,783,2,5,4,254,Regular
1445524,2024-01-22 16:34:03,1,124171.87,829,2,2,5,225,Regular
1445696,2024-01-24 04:50:34,1,12518.8,827,2,2,1,221,Regular
1450026,2024-01-23 16:25:55,2,45001.54,828,2,5,4,254,Regular
1450384,2024-01-25 15:30:46,1,5666.11,826,2,2,1,221,Regular
1451682,2024-01-24 21:22:45,2,105764.51,827,2,5,5,255,Regular
1452043,2024-01-24 17:56:53,1,45744.12,827,2,2,4,224,Regular
1452204,2025-07-09 14:53:00,2,87646.94,295,4,5,4,454,Leal
1453621,2024-01-25 16:44:37,1,55332.18,826,2,2,4,224,Regular
1453742,2024-07-27 16:05:19,2,18045.84,642,2,5,2,252,Regular
1453952,2024-04-09 15:48:22,1,38366.98,751,2,2,3,223,Regular
1455334,2024-02-12 15:26:44,1,29824.54,808,2,2,3,223,Regular
1456453,2024-01-29 14:02:57,1,14999.99,822,2,2,2,222,Regular
1457042,2024-01-31 22:58:38,1,35430.78,820,2,2,3,223,Regular
1457116,2024-01-27 14:53:43,1,10735.27,824,2,2,1,221,Regular
1457270,2024-01-27 17:54:36,1,47521.13,824,2,2,4,224,Regular
1457465,2024-01-27 19:02:15,1,3432.31,824,2,2,1,221,Regular
1460312,2024-01-29 21:42:18,1,13117.15,822,2,2,1,221,Regular
1460407,2024-03-07 17:19:21,1,2940.93,784,2,2,1,221,Regular
1460811,2024-01-30 16:08:38,1,139393.49,821,2,2,5,225,Regular
1461044,2024-02-02 20:37:27,1,32660.84,818,2,2,3,223,Regular
1461411,2024-01-30 15:23:35,1,11891.91,821,2,2,1,221,Regular
1461419,2024-01-30 17:07:29,1,41365.05,821,2,2,3,223,Regular
1461452,2024-04-12 03:13:31,1,1275.82,748,2,2,1,221,Regular
1461673,2024-01-30 13:19:11,1,4067.36,821,2,2,1,221,Regular
1462638,2024-01-30 22:22:35,1,18451.68,821,2,2,2,222,Regular
1464144,2024-02-19 00:44:55,1,38280.28,802,2,2,3,223,Regular
1464508,2024-01-31 20:51:13,1,35430.78,820,2,2,3,223,Regular
1465936,2024-02-01 16:50:17,1,11212.47,819,2,2,1,221,Regular
1466039,2024-02-05 18:22:36,2,859626.34,815,2,5,5,255,Regular
1466654,2025-01-21 19:38:43,1,16552.88,464,3,2,2,322,Regular
1467683,2024-02-02 18:17:47,1,22500.77,818,2,2,2,222,Regular
1467920,2024-02-10 18:19:30,1,19699.73,810,2,2,2,222,Regular
1472831,2024-02-06 14:51:01,1,38965.85,814,2,2,3,223,Regular
1473882,2024-02-06 16:11:58,1,26237.98,814,2,2,3,223,Regular
1474653,2024-04-30 18:46:50,1,42517.35,730,2,2,3,223,Regular
1474692,2024-03-01 18:37:51,2,97551.98,790,2,5,5,255,Regular
1475744,2024-09-26 17:10:22,7,476640.59,581,3,5,5,355,Regular
1476187,2024-02-07 22:06:53,1,11891.91,813,2,2,1,221,Regular
1476259,2024-02-08 16:47:53,1,26237.98,812,2,2,3,223,Regular
1476449,2024-12-15 00:56:29,3,41507.57,502,3,5,3,353,Regular
1477611,2024-09-30 23:25:17,1,188230.7,577,3,2,5,325,Regular
1477812,2024-02-08 21:13:58,1,19699.73,812,2,2,2,222,Regular
1477952,2024-02-08 21:43:18,1,24810.72,812,2,2,2,222,Regular
1478216,2024-02-09 16:01:59,1,26237.98,811,2,2,3,223,Regular
1478388,2024-02-09 03:23:32,1,26237.98,811,2,2,3,223,Regular
1480928,2024-02-10 18:18:23,1,2015951.66,810,2,2,5,225,Regular
1480992,2024-02-12 22:44:07,1,35035.65,808,2,2,3,223,Regular
1481059,2024-02-28 22:11:14,1,22500.77,792,2,2,2,222,Regular
1482343,2024-04-04 00:42:59,2,22338.05,757,2,5,2,252,Regular
1482471,2024-02-11 17:44:41,1,56762.95,809,2,2,4,224,Regular
1482766,2024-02-11 20:45:52,1,10800.27,809,2,2,1,221,Regular
1485512,2024-02-13 14:09:01,1,63973.58,807,2,2,4,224,Regular
1485777,2024-02-19 04:50:01,1,719.65,801,2,2,1,221,Regular
1485957,2024-02-13 20:45:07,1,18967.2,807,2,2,2,222,Regular
1486204,2024-11-14 18:45:28,5,118819.24,532,3,5,5,355,Regular
1487763,2024-02-14 19:44:47,1,5397.92,806,2,2,1,221,Regular
1487935,2024-02-16 20:16:11,1,153033.33,804,2,2,5,225,Regular
1488914,2024-02-27 17:48:11,1,11825.96,793,2,2,1,221,Regular
1489740,2024-02-22 17:36:49,1,35555.53,798,2,2,3,223,Regular
1495321,2024-02-21 19:29:55,2,292719.23,799,2,5,5,255,Regular
1495411,2024-02-19 18:15:47,1,15502.33,801,2,2,2,222,Regular
1496139,2024-02-21 17:55:18,1,44988.33,799,2,2,4,224,Regular
1496574,2024-02-20 14:23:42,1,18118.79,800,2,2,2,222,Regular
1497510,2024-02-21 20:42:14,1,9671.33,799,2,2,1,221,Regular
1499262,2024-03-05 16:15:50,3,826518.26,786,2,5,5,255,Regular
1499402,2024-02-21 18:10:37,1,66225.55,799,2,2,4,224,Regular
1499647,2024-02-21 20:54:22,1,197131.07,799,2,2,5,225,Regular
1499708,2024-02-26 20:58:13,1,31049.45,794,2,2,3,223,Regular
1500106,2024-03-06 13:23:14,1,22375.06,785,2,2,2,222,Regular
1500994,2024-02-22 15:51:47,1,35675.72,798,2,2,3,223,Regular
1501233,2024-02-22 18:09:17,1,9811.78,798,2,2,1,221,Regular
1501414,2024-02-22 21:50:42,1,44273.85,798,2,2,3,223,Regular
1504306,2024-02-26 22:53:42,1,15502.33,794,2,2,2,222,Regular
1506143,2024-04-02 18:51:09,2,40477.82,758,2,5,3,253,Regular
1506623,2024-02-27 02:47:58,1,44273.85,793,2,2,3,223,Regular
1507314,2024-02-27 14:06:58,1,4576.86,793,2,2,1,221,Regular
1507683,2024-03-01 21:54:54,1,15712.12,790,2,2,2,222,Regular
1508253,2025-12-14 15:47:03,7,146897.87,137,5,5,5,555,VIP
1509089,2024-02-28 14:44:57,2,15906.09,792,2,5,2,252,Regular
1509604,2025-05-25 03:49:39,1,36001.27,340,4,2,3,423,Leal
1509721,2024-03-05 22:29:27,1,66938.69,786,2,2,4,224,Regular
1509803,2024-02-28 23:06:25,1,11464.04,792,2,2,1,221,Regular
1510059,2024-03-22 20:52:26,1,55691.7,769,2,2,4,224,Regular
1510788,2025-12-20 05:30:11,1,93422.32,131,5,2,5,525,Leal
1510906,2024-03-01 03:48:07,1,25291.41,790,2,2,2,222,Regular
1511475,2024-02-29 21:47:03,1,22110.6,791,2,2,2,222,Regular
1511553,2024-03-04 15:24:04,1,28799.99,787,2,2,3,223,Regular
1512883,2024-03-01 20:31:59,1,43445.58,790,2,2,3,223,Regular
1513218,2024-12-16 18:15:10,2,19346.1,500,3,5,2,352,Regular
1514332,2024-03-02 16:41:05,1,44273.85,789,2,2,3,223,Regular
1514512,2024-03-02 18:39:44,1,37002.23,789,2,2,3,223,Regular
1516010,2024-03-03 18:25:40,1,11740.55,788,2,2,1,221,Regular
1518533,2024-03-05 05:02:36,1,2466.81,786,2,2,1,221,Regular
1518996,2024-03-05 13:20:21,1,36932.82,786,2,2,3,223,Regular
1519254,2024-03-11 18:05:28,1,54975.63,780,2,2,4,224,Regular
1519543,2024-03-06 15:09:49,1,71456.43,785,2,2,4,224,Regular
1521148,2024-03-06 18:46:08,1,2591.59,785,2,2,1,221,Regular
1521286,2024-03-06 19:59:03,2,66939.7,785,2,5,4,254,Regular
1522583,2024-03-09 22:04:25,1,44273.85,782,2,2,3,223,Regular
1524711,2025-10-06 04:30:39,1,17998.57,206,5,2,2,522,Leal
1525962,2024-03-11 16:01:32,1,12818.4,780,2,2,1,221,Regular
1526076,2024-05-01 16:55:23,2,54185.7,729,2,5,4,254,Regular
1526333,2024-12-28 15:23:37,2,422874.97,488,3,5,5,355,Regular
1527857,2024-03-10 19:52:32,1,30120.22,781,2,2,3,223,Regular
1528192,2024-04-08 00:48:58,1,17913.6,753,2,2,2,222,Regular
1529825,2024-03-11 23:35:04,1,43558.43,780,2,2,3,223,Regular
1532046,2024-03-13 16:00:25,1,11498.67,778,2,2,1,221,Regular
1532675,2024-03-13 17:04:40,1,10190.76,778,2,2,1,221,Regular
1534118,2024-03-14 13:29:55,1,8090.07,777,2,2,1,221,Regular
1534722,2024-03-18 17:56:56,1,10367.93,773,2,2,1,221,Regular
1536852,2024-03-16 15:07:51,2,21513.82,775,2,5,2,252,Regular
1537635,2024-03-16 16:23:04,2,4392.43,775,2,5,1,251,Regular
1537991,2024-03-16 20:55:55,1,26069.16,775,2,2,3,223,Regular
1538077,2024-09-26 21:44:48,3,104158.2,581,3,5,5,355,Regular
1540788,2024-03-18 17:20:33,1,38965.85,773,2,2,3,223,Regular
1540971,2024-03-18 17:49:47,1,280193.0,773,2,2,5,225,Regular
1542439,2024-03-20 18:11:28,1,67757.58,771,2,2,4,224,Regular
1542489,2024-03-19 16:44:49,1,26069.16,772,2,2,3,223,Regular
1542636,2024-04-16 12:08:03,2,119376.92,744,2,5,5,255,Regular
1542981,2024-03-19 21:14:56,1,12592.04,772,2,2,1,221,Regular
1543268,2024-06-23 17:31:40,1,135004.12,676,2,2,5,225,Regular
1543276,2024-03-23 19:34:26,1,26069.16,768,2,2,3,223,Regular
1543341,2024-11-12 18:53:04,3,97718.34,534,3,5,5,355,Regular
1544719,2024-03-20 21:44:44,1,6540.65,771,2,2,1,221,Regular
1544926,2024-03-21 21:45:17,1,19663.48,770,2,2,2,222,Regular
1545328,2024-03-22 14:28:55,1,43079.1,769,2,2,3,223,Regular
1546159,2024-04-29 16:18:18,1,16179.57,731,2,2,2,222,Regular
1546466,2024-05-23 23:22:22,1,40438.45,707,2,2,3,223,Regular
1546473,2024-05-07 14:39:34,1,81623.99,723,2,2,4,224,Regular
1546548,2024-04-11 19:40:13,1,16152.05,749,2,2,2,222,Regular
1547676,2024-03-22 15:31:48,1,43079.1,769,2,2,3,223,Regular
1551639,2024-03-25 14:39:08,1,32349.05,766,2,2,3,223,Regular
1552279,2024-04-05 23:20:52,3,101442.69,755,2,5,5,255,Regular
1554310,2024-03-27 20:23:12,3,798901.81,764,2,5,5,255,Regular
1555942,2024-04-23 17:02:10,1,243451.77,737,2,2,5,225,Regular
1557690,2024-03-30 17:13:32,1,36086.57,761,2,2,3,223,Regular
1558023,2024-03-30 14:24:50,1,43079.1,761,2,2,3,223,Regular
1558658,2024-03-29 13:58:36,4,825.34,762,2,5,1,251,Regular
1558833,2024-04-05 14:24:28,1,59234.71,755,2,2,4,224,Regular
1558912,2024-03-30 16:02:26,2,47398.98,761,2,5,4,254,Regular
1559866,2024-11-19 17:59:02,1,108806.6,527,3,2,5,325,Regular
1562745,2025-10-21 17:00:37,2,27166.65,191,5,5,3,553,VIP
1563717,2024-04-01 19:21:26,1,10045.0,759,2,2,1,221,Regular
1565421,2024-04-02 16:53:37,1,148634.55,758,2,2,5,225,Regular
1565495,2024-04-02 19:37:55,1,4950.1,758,2,2,1,221,Regular
1565541,2024-04-02 22:03:21,1,171705.97,758,2,2,5,225,Regular
1565604,2024-04-02 19:08:45,1,9927.39,758,2,2,1,221,Regular
1565628,2024-04-24 22:14:14,1,50410.18,736,2,2,4,224,Regular
1566282,2024-04-03 14:18:11,1,3601.82,757,2,2,1,221,Regular
1567086,2024-04-03 16:30:00,1,88450.91,757,2,2,4,224,Regular
1568448,2024-05-21 19:18:42,1,43219.44,709,2,2,3,223,Regular
1569504,2026-04-20 00:56:56,1,11042.04,11,5,2,1,521,Leal
1569666,2024-04-06 18:33:19,1,6975.22,754,2,2,1,221,Regular
1569859,2024-12-31 00:28:28,2,44287.86,486,3,5,3,353,Regular
1572172,2024-04-25 21:42:41,2,34453.35,735,2,5,3,253,Regular
1572740,2024-04-09 18:14:30,1,166443.54,751,2,2,5,225,Regular
1575171,2024-04-09 19:50:25,1,38828.82,751,2,2,3,223,Regular
1575235,2024-04-08 19:49:40,1,44273.85,752,2,2,3,223,Regular
1575511,2024-04-08 18:55:46,1,5504.49,752,2,2,1,221,Regular
1575769,2024-04-10 14:08:16,1,50105.4,750,2,2,4,224,Regular
1577018,2024-04-09 16:09:42,1,13641.02,751,2,2,2,222,Regular
1578782,2025-04-16 20:41:21,1,14781.08,379,4,2,2,422,Leal
1579188,2024-04-10 21:12:27,1,9084.59,750,2,2,1,221,Regular
1580565,2024-04-11 16:37:08,1,39822.71,749,2,2,3,223,Regular
1580930,2024-04-11 21:22:29,1,17086.33,749,2,2,2,222,Regular
1581044,2024-06-16 02:40:16,1,15490.03,684,2,2,2,222,Regular
1582371,2024-04-12 17:10:55,1,22500.0,748,2,2,2,222,Regular
1583965,2024-11-15 15:34:43,1,7676.41,531,3,2,1,321,Regular
1584422,2024-04-13 22:37:43,1,18879.25,747,2,2,2,222,Regular
1586915,2024-04-15 17:10:43,1,77508.34,745,2,2,4,224,Regular
1588690,2024-04-16 15:47:50,1,2663.48,744,2,2,1,221,Regular
1589213,2024-04-17 13:46:12,1,21076.9,743,2,2,2,222,Regular
1590286,2024-04-25 13:55:38,1,67709.15,735,2,2,4,224,Regular
1590804,2024-04-20 17:41:08,1,17328.78,740,2,2,2,222,Regular
1595588,2024-09-26 21:21:24,1,63840.13,581,3,2,4,324,Regular
1596040,2024-04-24 16:16:00,1,50410.18,736,2,2,4,224,Regular
1598114,2024-05-13 15:34:18,1,72587.9,717,2,2,4,224,Regular
1598941,2024-04-22 17:25:15,1,152785.77,738,2,2,5,225,Regular
1598976,2024-04-22 18:19:22,1,50410.18,738,2,2,4,224,Regular
1599607,2024-10-27 21:32:45,4,329485.63,550,3,5,5,355,Regular
1600843,2024-04-25 21:46:48,1,65210.04,735,2,2,4,224,Regular
1600994,2024-05-08 23:12:38,2,81694.17,722,2,5,4,254,Regular
1601462,2025-07-19 03:38:36,1,49943.4,285,4,2,4,424,Leal
1601468,2024-11-28 12:16:18,2,54402.54,518,3,5,4,354,Regular
1602512,2024-04-24 18:41:04,2,124940.76,736,2,5,5,255,Regular
1602668,2024-04-24 20:16:40,1,40015.49,736,2,2,3,223,Regular
1602725,2024-04-24 20:38:30,1,11498.67,736,2,2,1,221,Regular
1602891,2024-04-24 22:48:12,1,51891.92,736,2,2,4,224,Regular
1602967,2024-04-24 23:38:14,1,29575.47,736,2,2,3,223,Regular
1603919,2024-04-26 17:37:40,1,3914.96,734,2,2,1,221,Regular
1603989,2024-04-26 20:00:55,1,18118.79,734,2,2,2,222,Regular
1604317,2024-04-25 19:29:11,1,174130.15,735,2,2,5,225,Regular
1605747,2024-04-26 17:25:23,1,53819.29,734,2,2,4,224,Regular
1605772,2024-05-16 17:48:53,3,307846.14,714,2,5,5,255,Regular
1606075,2024-04-27 19:39:48,1,16711.52,733,2,2,2,222,Regular
1610680,2024-04-29 14:05:03,1,174130.15,731,2,2,5,225,Regular
1611022,2024-04-29 17:48:35,3,70539.36,731,2,5,4,254,Regular
1611192,2024-04-29 21:09:11,1,45687.71,731,2,2,4,224,Regular
1611504,2024-04-30 15:02:25,1,144490.2,730,2,2,5,225,Regular
1612337,2024-06-06 00:59:03,1,41112.13,694,2,2,3,223,Regular
1616324,2024-06-25 10:26:05,2,51998.08,674,2,5,4,254,Regular
1616786,2024-05-02 21:26:15,1,72587.9,728,2,2,4,224,Regular
1618111,2026-01-08 18:10:15,5,254201.19,112,5,5,5,555,VIP
1618791,2025-02-01 17:45:56,4,80245.38,453,3,5,4,354,Regular
1618964,2024-05-04 02:38:49,1,69009.98,727,2,2,4,224,Regular
1619806,2024-05-04 18:35:11,2,542061.88,726,2,5,5,255,Regular
1619947,2024-05-07 00:33:24,1,44273.85,724,2,2,3,223,Regular
1621948,2024-05-06 19:49:40,1,76156.58,724,2,2,4,224,Regular
1623318,2024-05-06 18:45:07,1,136837.35,724,2,2,5,225,Regular
1623827,2024-05-11 14:12:56,1,11122.52,719,2,2,1,221,Regular
1624409,2024-05-31 18:49:14,1,9155.24,699,2,2,1,221,Regular
1625957,2024-05-07 22:35:02,1,7284.09,723,2,2,1,221,Regular
1627361,2024-05-13 15:45:27,1,89886.46,717,2,2,4,224,Regular
1627422,2024-05-11 18:34:50,1,106153.4,719,2,2,5,225,Regular
1629115,2024-05-09 18:40:26,1,32302.12,721,2,2,3,223,Regular
1630140,2024-05-10 17:31:18,2,82444.95,720,2,5,4,254,Regular
1630161,2024-05-10 02:43:10,1,90467.59,721,2,2,5,225,Regular
1630899,2024-05-10 14:38:48,1,152785.77,720,2,2,5,225,Regular
1631515,2024-05-10 21:22:07,1,90467.59,720,2,2,5,225,Regular
1631712,2024-10-21 19:01:38,1,4179.99,556,3,2,1,321,Regular
1632831,2024-05-11 14:27:07,1,20526.36,719,2,2,2,222,Regular
1633047,2024-05-11 18:00:17,1,18509.4,719,2,2,2,222,Regular
1633396,2024-05-16 04:15:29,1,4660.27,714,2,2,1,221,Regular
1635305,2024-05-15 22:00:31,1,37832.09,715,2,2,3,223,Regular
1636350,2024-05-14 23:33:39,1,25505.77,716,2,2,2,222,Regular
1636606,2024-05-13 17:12:03,1,25145.23,717,2,2,2,222,Regular
1636936,2024-05-26 04:53:04,1,43097.79,704,2,2,3,223,Regular
1637268,2024-05-13 23:21:58,1,22843.4,717,2,2,2,222,Regular
1638636,2024-05-15 17:36:11,1,4982.35,715,2,2,1,221,Regular
1638733,2024-05-21 14:20:09,1,24630.72,709,2,2,2,222,Regular
1639052,2024-05-14 22:23:37,1,1509.74,716,2,2,1,221,Regular
1639562,2024-06-06 21:53:39,1,10616.62,693,2,2,1,221,Regular
1640384,2025-02-27 21:32:20,1,20600.75,427,4,2,2,422,Leal
1640408,2024-05-22 13:46:55,1,84454.47,708,2,2,4,224,Regular
1640618,2024-05-15 19:21:09,1,136165.47,715,2,2,5,225,Regular
1641856,2024-05-16 13:31:09,1,88547.7,714,2,2,4,224,Regular
1642255,2024-07-24 15:43:11,1,43792.68,645,2,2,3,223,Regular
1648955,2024-05-20 15:45:40,1,41112.13,710,2,2,3,223,Regular
1648974,2024-05-20 16:08:31,1,29618.66,710,2,2,3,223,Regular
1649615,2024-06-13 16:15:29,3,259380.0,686,2,5,5,255,Regular
1649645,2024-05-20 23:39:57,1,25784.22,710,2,2,2,222,Regular
1650692,2024-06-06 19:36:22,4,259505.13,693,2,5,5,255,Regular
1651324,2024-05-21 21:34:32,1,14395.02,709,2,2,2,222,Regular
1651387,2024-05-22 15:46:57,1,36620.95,708,2,2,3,223,Regular
1652993,2024-05-24 17:43:53,1,51845.86,706,2,2,4,224,Regular
1653222,2024-05-22 22:28:29,1,39596.92,708,2,2,3,223,Regular
1655567,2024-05-24 05:17:13,1,8300.51,706,2,2,1,221,Regular
1656223,2024-05-27 16:22:41,1,17328.79,703,2,2,2,222,Regular
1656462,2024-05-24 18:40:22,1,60958.17,706,2,2,4,224,Regular
1656515,2024-05-24 18:27:16,1,31838.81,706,2,2,3,223,Regular
1656679,2024-05-24 20:38:45,1,31403.23,706,2,2,3,223,Regular
1657296,2024-05-25 16:40:29,1,153306.38,705,2,2,5,225,Regular
1661345,2024-05-27 15:38:44,1,8100.0,703,2,2,1,221,Regular
1661707,2024-05-27 18:51:20,1,20526.36,703,2,2,2,222,Regular
1662104,2024-12-12 15:41:17,3,115392.07,504,3,5,5,355,Regular
1663959,2024-05-28 23:28:59,1,4793.08,702,2,2,1,221,Regular
1665225,2024-09-04 15:55:30,1,55435.1,603,3,2,4,324,Regular
1665280,2024-05-29 18:51:26,3,198737.71,701,2,5,5,255,Regular
1666226,2025-02-03 12:59:33,5,19660.62,451,3,5,2,352,Regular
1668037,2024-05-31 04:53:02,1,41112.13,699,2,2,3,223,Regular
1668158,2024-06-05 17:01:47,2,74216.69,694,2,5,4,254,Regular
1669110,2024-05-31 20:11:03,1,20526.36,699,2,2,2,222,Regular
1669236,2024-06-03 17:22:54,1,65346.77,696,2,2,4,224,Regular
1672370,2024-06-12 17:05:06,1,45701.45,687,2,2,4,224,Regular
1673452,2024-06-03 16:39:56,1,48963.72,696,2,2,4,224,Regular
1673605,2024-06-03 16:40:39,1,43365.63,696,2,2,3,223,Regular
1673653,2024-06-03 14:57:28,1,8087.08,696,2,2,1,221,Regular
1673926,2024-06-05 15:42:40,1,12738.21,694,2,2,1,221,Regular
1675715,2024-06-04 17:20:33,1,24214.32,695,2,2,2,222,Regular
1676177,2024-06-08 17:08:02,1,44107.26,691,2,2,3,223,Regular
1676275,2025-01-22 15:32:42,2,49446.32,463,3,5,4,354,Regular
1677830,2024-11-14 14:52:13,1,16199.49,532,3,2,2,322,Regular
1679836,2024-06-06 20:44:02,1,22968.96,693,2,2,2,222,Regular
1681247,2024-06-07 19:17:35,1,5762.01,692,2,2,1,221,Regular
1682336,2024-06-08 02:25:18,1,41112.13,692,2,2,3,223,Regular
1682642,2024-08-12 16:06:45,3,123712.97,626,2,5,5,255,Regular
1683353,2024-06-08 16:59:19,1,129999.99,691,2,2,5,225,Regular
1684002,2024-06-10 19:35:54,1,117194.97,689,2,2,5,225,Regular
1685010,2024-06-09 15:41:24,2,8494.39,690,2,5,1,251,Regular
1685208,2024-06-09 16:17:43,1,36061.55,690,2,2,3,223,Regular
1685277,2025-03-17 02:20:49,1,39763.11,410,4,2,3,423,Leal
1689129,2024-06-17 17:42:33,1,9899.72,682,2,2,1,221,Regular
1692101,2025-02-28 19:21:33,6,511608.03,426,4,5,5,455,Leal
1692505,2024-06-13 05:28:20,1,3118.95,686,2,2,1,221,Regular
1693196,2024-06-13 18:13:24,1,32981.31,686,2,2,3,223,Regular
1695170,2024-06-15 20:54:22,1,17844.26,684,2,2,2,222,Regular
1696082,2024-09-12 19:59:26,1,135451.18,595,3,2,5,325,Regular
1696244,2024-10-13 18:15:01,1,60391.22,564,3,2,4,324,Regular
1697409,2024-06-20 15:07:29,1,24107.53,679,2,2,2,222,Regular
1697722,2024-06-16 00:51:51,1,41112.13,684,2,2,3,223,Regular
1700412,2024-06-17 16:25:27,1,6105.01,682,2,2,1,221,Regular
1700818,2024-06-17 20:36:53,1,117194.97,682,2,2,5,225,Regular
1701477,2024-06-18 18:08:45,1,33872.08,681,2,2,3,223,Regular
1703126,2024-06-19 15:53:32,1,15009.6,680,2,2,2,222,Regular
1703199,2026-02-06 04:00:24,27,278023.74,83,5,5,5,555,VIP
1703719,2024-06-21 13:47:39,1,9899.72,678,2,2,1,221,Regular
1703793,2024-06-19 22:42:53,1,39050.61,680,2,2,3,223,Regular
1704887,2024-06-20 15:08:33,1,10060.25,679,2,2,1,221,Regular
1704985,2024-06-21 16:55:37,1,13021.54,678,2,2,1,221,Regular
1705010,2025-02-11 15:12:18,1,78730.75,443,3,2,4,324,Regular
1705179,2024-06-22 01:57:56,1,41112.13,678,2,2,3,223,Regular
1705289,2024-06-20 19:16:13,1,5712.24,679,2,2,1,221,Regular
1705341,2024-09-24 14:00:29,3,691993.08,583,3,5,5,355,Regular
1706711,2026-02-14 15:16:46,2,18420.96,75,5,5,2,552,VIP
1707842,2025-04-20 01:44:19,2,83222.07,376,4,5,4,454,Leal
1708583,2024-06-26 16:24:36,4,648816.0,673,2,5,5,255,Regular
1708640,2025-06-27 17:09:59,1,93686.05,307,4,2,5,425,Leal
1708928,2025-01-19 19:30:09,1,181846.02,466,3,2,5,325,Regular
1711601,2024-06-24 18:53:39,2,67750.08,675,2,5,4,254,Regular
1711851,2024-06-24 15:18:36,1,24800.81,675,2,2,2,222,Regular
1712126,2024-06-27 17:30:11,1,50272.37,672,2,2,4,224,Regular
1717681,2024-06-27 18:07:05,1,37709.95,672,2,2,3,223,Regular
1717932,2024-06-28 21:42:50,1,58779.27,671,2,2,4,224,Regular
1718025,2024-06-27 22:20:06,1,97954.12,672,2,2,5,225,Regular
1719792,2024-06-28 22:15:35,1,20526.36,671,2,2,2,222,Regular
1719917,2024-06-28 22:47:07,1,174130.15,671,2,2,5,225,Regular
1720176,2024-06-29 02:10:21,1,18718.99,671,2,2,2,222,Regular
1720878,2024-07-08 18:51:34,1,79669.26,661,2,2,4,224,Regular
1721309,2025-03-09 17:18:02,5,120316.25,417,4,5,5,455,Leal
1721568,2024-07-01 13:48:48,1,87128.99,668,2,2,4,224,Regular
1721737,2024-07-01 17:38:31,2,106523.06,668,2,5,5,255,Regular
1722349,2025-01-17 01:53:28,1,11458.11,469,3,2,1,321,Regular
1722946,2024-06-30 17:27:24,1,4454.87,669,2,2,1,221,Regular
1723022,2024-07-16 19:59:24,1,48429.99,653,2,2,4,224,Regular
1723224,2024-06-30 21:13:40,1,43792.68,669,2,2,3,223,Regular
1723636,2025-08-06 15:16:03,1,7649.73,267,4,2,1,421,Leal
1724810,2024-12-05 17:08:38,2,35624.52,511,3,5,3,353,Regular
1725019,2024-07-01 21:11:02,1,48151.56,668,2,2,4,224,Regular
1726460,2024-07-03 17:03:39,1,47120.79,666,2,2,4,224,Regular
1726925,2025-06-16 22:42:23,1,14038.32,318,4,2,2,422,Leal
1728214,2024-07-03 15:47:28,1,43000.91,666,2,2,3,223,Regular
1728242,2024-07-04 15:39:05,1,47098.6,665,2,2,4,224,Regular
1728748,2024-07-03 21:44:00,1,25999.04,666,2,2,3,223,Regular
1729763,2024-07-04 12:52:51,1,7769.04,665,2,2,1,221,Regular
1730051,2024-07-15 19:31:41,3,237767.74,654,2,5,5,255,Regular
1730098,2025-07-03 21:57:55,2,96292.65,301,4,5,5,455,Leal
1730264,2024-07-04 17:36:26,1,71920.59,665,2,2,4,224,Regular
1730648,2025-01-03 17:33:45,3,162683.79,482,3,5,5,355,Regular
1730939,2024-07-05 17:55:59,2,36482.02,664,2,5,3,253,Regular
1731883,2024-07-10 05:07:45,1,2419.64,659,2,2,1,221,Regular
1732569,2024-07-06 20:33:11,1,117194.97,663,2,2,5,225,Regular
1734376,2026-04-11 04:09:25,1,35999.99,19,5,2,3,523,Leal
1735004,2024-07-09 14:17:30,1,135004.12,660,2,2,5,225,Regular
1736251,2024-11-11 17:33:43,1,46736.8,535,3,2,4,324,Regular
1736382,2024-07-10 21:23:37,1,4432.27,659,2,2,1,221,Regular
1737097,2024-09-19 16:34:52,3,157425.89,588,3,5,5,355,Regular
1737198,2024-07-13 22:08:29,1,7943.18,656,2,2,1,221,Regular
1737668,2025-12-18 17:40:13,1,5453.15,133,5,2,1,521,Leal
1738946,2024-07-13 18:19:36,1,65628.43,656,2,2,4,224,Regular
1739628,2025-12-17 01:48:47,1,26920.18,135,5,2,3,523,Leal
1739759,2024-07-15 20:00:34,1,10128.85,654,2,2,1,221,Regular
1740524,2025-11-30 16:26:52,1,23842.95,151,5,2,2,522,Leal
1740858,2024-07-16 22:45:24,1,135004.12,653,2,2,5,225,Regular
1741180,2024-07-30 15:12:49,1,14634.32,639,2,2,2,222,Regular
1741609,2024-08-01 21:51:58,1,22324.44,637,2,2,2,222,Regular
1741802,2024-07-16 20:33:47,1,40404.62,653,2,2,3,223,Regular
1743082,2024-07-17 22:52:41,1,118373.25,652,2,2,5,225,Regular
1745494,2024-07-19 23:19:22,1,106153.4,650,2,2,5,225,Regular
1746417,2024-07-20 17:43:20,1,6277.2,649,2,2,1,221,Regular
1747764,2024-07-22 04:09:59,1,7352.16,647,2,2,1,221,Regular
1748328,2024-12-22 16:02:03,2,74179.74,494,3,5,4,354,Regular
1748394,2024-12-02 18:54:43,3,28738.76,514,3,5,3,353,Regular
1748448,2024-07-23 18:01:04,1,47255.67,646,2,2,4,224,Regular
1748528,2025-06-22 16:57:07,1,115344.22,312,4,2,5,425,Leal
1748933,2025-04-02 22:16:53,1,5772.36,393,4,2,1,421,Leal
1749043,2024-07-23 10:15:10,1,28769.03,646,2,2,3,223,Regular
1749509,2024-07-31 15:40:12,1,112437.68,638,2,2,5,225,Regular
1749543,2024-08-12 21:17:31,3,174388.52,626,2,5,5,255,Regular
1750042,2024-07-24 17:29:24,2,111459.81,645,2,5,5,255,Regular
1750714,2026-04-23 15:51:33,8,1762895.42,7,5,5,5,555,VIP
1751048,2024-07-24 19:59:46,1,36591.1,645,2,2,3,223,Regular
1751119,2024-08-01 17:40:09,1,118373.25,637,2,2,5,225,Regular
1751364,2024-07-25 18:17:55,1,9225.01,644,2,2,1,221,Regular
1751841,2024-07-25 14:47:02,1,10542.71,644,2,2,1,221,Regular
1752981,2024-07-26 14:38:57,1,45834.65,643,2,2,4,224,Regular
1753032,2024-07-26 15:25:52,1,31233.18,643,2,2,3,223,Regular
1753151,2024-07-26 20:48:12,1,282018.7,643,2,2,5,225,Regular
1754215,2024-07-27 17:21:20,1,27714.78,642,2,2,3,223,Regular
1755092,2024-07-28 13:53:08,1,45499.99,641,2,2,4,224,Regular
1755241,2025-10-07 00:56:21,1,35484.43,206,5,2,3,523,Leal
1755300,2026-02-13 19:20:52,1,4835.04,76,5,2,1,521,Leal
1756122,2024-07-29 15:07:16,1,170822.7,640,2,2,5,225,Regular
1756753,2024-07-30 17:58:13,1,118373.25,639,2,2,5,225,Regular
1756906,2024-08-22 23:49:16,1,21310.16,616,2,2,2,222,Regular
1757165,2024-07-30 15:44:54,1,48356.4,639,2,2,4,224,Regular
1758066,2024-07-31 03:34:57,1,42706.4,638,2,2,3,223,Regular
1758668,2024-08-03 09:45:27,1,33066.88,635,2,2,3,223,Regular
1758723,2024-09-12 21:14:16,2,167976.17,595,3,5,5,355,Regular
1758915,2024-08-03 21:29:41,1,68379.59,635,2,2,4,224,Regular
1759033,2024-08-12 15:28:18,1,29638.57,626,2,2,3,223,Regular
1760240,2024-08-05 02:17:24,1,46410.43,634,2,2,4,224,Regular
1760544,2024-08-02 13:53:28,1,25999.04,636,2,2,3,223,Regular
1760999,2025-06-07 19:10:43,2,127238.03,327,4,5,5,455,Leal
1761611,2024-08-06 22:26:46,1,48253.86,632,2,2,4,224,Regular
1763638,2024-08-05 18:29:29,1,36018.08,633,2,2,3,223,Regular
1764732,2024-08-06 15:12:22,1,12591.08,632,2,2,1,221,Regular
1765478,2024-08-08 20:51:30,1,18017.48,630,2,2,2,222,Regular
1766000,2024-08-07 16:26:27,1,129999.99,631,2,2,5,225,Regular
1766915,2024-11-23 01:42:28,1,120803.95,524,3,2,5,325,Regular
1767194,2024-08-08 16:18:31,1,18359.63,630,2,2,2,222,Regular
1769834,2025-02-19 01:14:38,2,19949.45,436,3,5,2,352,Regular
1771018,2024-08-12 01:40:54,1,16983.02,627,2,2,2,222,Regular
1771592,2024-08-12 21:11:32,1,4023.66,626,2,2,1,221,Regular
1771859,2024-08-27 21:11:20,1,28000.3,611,2,2,3,223,Regular
1771952,2024-08-12 20:38:14,1,1267200.31,626,2,2,5,225,Regular
1772097,2024-08-12 23:05:19,1,29799.03,626,2,2,3,223,Regular
1772439,2024-08-13 15:35:28,1,118373.25,625,2,2,5,225,Regular
1772800,2024-08-13 16:02:26,1,95386.83,625,2,2,5,225,Regular
1772834,2024-08-13 16:41:50,1,11552.53,625,2,2,1,221,Regular
1772915,2024-08-13 18:14:51,1,141773.19,625,2,2,5,225,Regular
1773002,2024-08-13 19:48:12,1,118373.25,625,2,2,5,225,Regular
1773053,2024-08-13 21:00:29,1,9351.0,625,2,2,1,221,Regular
1774661,2024-08-15 03:34:59,2,46732.63,623,2,5,4,254,Regular
1774687,2024-08-30 16:41:02,2,19814.14,608,3,5,2,352,Regular
1775630,2024-08-16 03:47:53,1,256792.5,622,2,2,5,225,Regular
1776413,2024-08-16 22:03:15,1,25999.04,622,2,2,3,223,Regular
1777492,2024-08-30 22:55:47,1,43792.68,608,3,2,3,323,Regular
1779630,2025-09-16 14:50:55,3,69997.42,226,4,5,4,454,Leal
1780111,2024-08-20 22:14:20,1,15228.42,618,2,2,2,222,Regular
1780423,2024-08-21 22:05:12,2,333935.85,617,2,5,5,255,Regular
1781573,2025-06-16 17:09:11,1,22143.16,318,4,2,2,422,Leal
1782285,2024-08-23 00:30:53,1,7710.42,616,2,2,1,221,Regular
1782421,2024-08-24 16:59:05,2,175094.41,614,2,5,5,255,Regular
1782826,2024-08-23 18:15:42,1,43792.68,615,2,2,3,223,Regular
1783016,2024-08-23 19:21:51,1,33013.77,615,2,2,3,223,Regular
1783628,2024-08-24 03:17:17,1,5457.48,614,2,2,1,221,Regular
1784327,2024-08-24 19:17:44,1,121687.98,614,2,2,5,225,Regular
1786025,2024-08-26 05:08:31,1,14638.49,612,2,2,2,222,Regular
1788271,2025-08-27 00:36:50,6,74069.14,247,4,5,4,454,Leal
1788360,2024-08-28 16:40:07,2,167944.91,610,2,5,5,255,Regular
1790507,2024-08-29 20:21:44,1,135577.08,609,2,2,5,225,Regular
1791562,2024-08-30 17:47:44,1,14501.46,608,3,2,2,322,Regular
1791905,2024-08-31 13:54:30,1,30000.0,607,3,2,3,323,Regular
1792201,2025-11-13 02:22:30,4,14124.38,169,5,5,2,552,VIP
1793533,2024-09-07 17:23:00,1,29297.74,600,3,2,3,323,Regular
1793821,2024-09-08 00:23:54,1,12372.92,600,3,2,1,321,Regular
1794517,2024-09-04 15:45:39,1,15184.83,603,3,2,2,322,Regular
1794525,2024-09-02 18:10:47,1,11552.53,605,3,2,1,321,Regular
1794607,2024-09-02 20:04:33,1,64822.56,605,3,2,4,324,Regular
1796447,2024-09-04 18:56:08,1,15779.21,603,3,2,2,322,Regular
1796695,2024-09-04 22:29:47,1,17887.15,603,3,2,2,322,Regular
1797273,2024-09-07 16:09:09,1,11552.53,600,3,2,1,321,Regular
1797519,2024-09-05 18:55:00,1,26894.51,602,3,2,3,323,Regular
1797721,2024-10-15 19:10:44,1,38601.17,562,3,2,3,323,Regular
1798117,2024-09-06 15:47:31,1,1338.99,601,3,2,1,321,Regular
1798354,2024-09-16 15:48:23,1,130693.98,591,3,2,5,325,Regular
1799150,2024-09-07 07:12:24,1,24588.26,600,3,2,2,322,Regular
1799619,2024-09-07 21:31:58,1,8852.49,600,3,2,1,321,Regular
1799800,2024-09-11 17:29:13,1,34211.37,596,3,2,3,323,Regular
1800584,2024-09-09 16:27:07,1,45680.31,598,3,2,4,324,Regular
1801181,2024-09-12 19:42:32,1,36714.54,595,3,2,3,323,Regular
1801417,2024-09-12 19:58:01,1,35035.65,595,3,2,3,323,Regular
1801968,2024-10-07 20:25:06,1,26867.7,570,3,2,3,323,Regular
1802406,2025-02-03 11:50:39,1,23926.17,451,3,2,2,322,Regular
1803864,2024-09-27 21:57:08,1,14440.85,580,3,2,2,322,Regular
1804010,2025-11-04 23:51:12,5,163961.37,177,5,5,5,555,VIP
1805372,2024-09-12 23:05:06,1,65677.42,595,3,2,4,324,Regular
1805532,2024-09-13 02:13:16,1,13180.0,595,3,2,1,321,Regular
1805574,2024-09-30 20:56:04,1,41414.48,577,3,2,3,323,Regular
1806337,2024-09-13 21:12:00,1,56996.3,594,3,2,4,324,Regular
1806365,2024-10-01 20:59:31,3,30800.75,576,3,5,3,353,Regular
1807009,2025-04-19 16:36:00,1,39964.57,376,4,2,3,423,Leal
1807338,2024-09-14 21:13:42,1,21035.79,593,3,2,2,322,Regular
1807353,2024-09-17 18:09:28,1,34786.73,590,3,2,3,323,Regular
1808590,2025-04-21 01:13:09,1,160.87,375,4,2,1,421,Leal
1809141,2024-12-14 14:18:12,1,7112.01,502,3,2,1,321,Regular
1810247,2024-09-23 20:18:14,1,34786.73,584,3,2,3,323,Regular
1810264,2024-11-28 16:34:55,3,122716.52,518,3,5,5,355,Regular
1810773,2024-09-20 20:16:35,1,871.48,587,3,2,1,321,Regular
1811105,2024-09-18 15:08:27,2,33098.3,589,3,5,3,353,Regular
1811127,2024-09-18 15:53:58,1,76802.26,589,3,2,4,324,Regular
1811281,2025-03-18 17:20:31,4,36793.94,408,4,5,3,453,Leal
1811771,2025-03-29 15:41:57,2,28482.1,397,4,5,3,453,Leal
1812429,2024-09-24 19:37:42,1,537071.28,583,3,2,5,325,Regular
1813799,2024-09-20 20:48:35,1,253183.96,587,3,2,5,325,Regular
1814452,2024-09-25 13:15:14,1,9282.29,582,3,2,1,321,Regular
1814579,2024-09-21 16:34:14,1,25999.04,586,3,2,3,323,Regular
1814968,2025-03-26 18:19:01,1,60125.71,400,4,2,4,424,Leal
1816323,2025-01-24 14:30:47,3,71390.35,461,3,5,4,354,Regular
1817156,2024-12-02 06:35:10,4,72002.52,514,3,5,4,354,Regular
1817898,2024-10-07 14:36:20,1,159015.95,570,3,2,5,325,Regular
1818186,2024-09-25 14:52:14,1,47361.52,582,3,2,4,324,Regular
1818459,2024-09-25 15:01:48,1,13988.71,582,3,2,2,322,Regular
1818810,2025-04-07 00:29:19,1,5943.29,389,4,2,1,421,Leal
1819239,2024-09-25 17:07:04,1,33240.09,582,3,2,3,323,Regular
1819857,2024-09-26 02:56:06,1,13988.71,581,3,2,2,322,Regular
1820488,2024-09-26 19:00:47,1,18823.81,581,3,2,2,322,Regular
1820728,2024-09-28 19:10:23,1,15711.07,579,3,2,2,322,Regular
1820793,2024-09-27 20:10:32,1,135451.18,580,3,2,5,325,Regular
1822104,2024-10-13 17:54:57,1,15342.01,564,3,2,2,322,Regular
1823755,2024-09-30 18:28:53,1,111734.06,577,3,2,5,325,Regular
1823897,2024-09-30 16:03:36,1,19324.67,577,3,2,2,322,Regular
1824541,2024-09-30 07:36:49,1,8114.58,577,3,2,1,321,Regular
1825047,2024-10-01 14:50:28,1,14039.12,576,3,2,2,322,Regular
1826118,2024-10-01 17:09:11,1,69536.56,576,3,3,4,334,Regular
1826162,2024-10-08 09:12:13,4,775825.83,569,3,5,5,355,Regular
1827002,2024-10-02 17:14:06,1,29281.18,575,3,3,3,333,Regular
1827065,2024-10-02 22:50:14,3,195797.26,575,3,5,5,355,Regular
1827111,2024-10-03 18:17:23,1,38277.85,574,3,3,3,333,Regular
1828962,2024-10-03 15:57:40,1,35665.41,574,3,3,3,333,Regular
1829000,2024-10-18 16:54:45,2,29492.33,559,3,5,3,353,Regular
1830373,2024-10-11 15:05:44,2,75283.83,566,3,5,4,354,Regular
1831660,2025-06-13 22:49:36,3,130968.71,321,4,5,5,455,Leal
1832148,2024-10-19 03:46:33,1,27321.28,558,3,3,3,333,Regular
1833552,2024-10-06 22:20:09,1,184609.28,571,3,3,5,335,Regular
1833588,2024-10-06 02:03:31,1,41414.48,572,3,3,3,333,Regular
1836802,2024-10-07 19:52:41,1,120635.29,570,3,3,5,335,Regular
1837088,2024-10-07 23:11:03,1,57359.51,570,3,3,4,334,Regular
1837295,2024-10-08 17:13:40,1,80388.87,569,3,3,4,334,Regular
1837460,2024-10-09 16:35:47,1,20163.72,568,3,3,2,332,Regular
1839128,2025-04-06 20:07:14,3,49095.71,389,4,5,4,454,Leal
1848717,2024-10-09 15:17:29,1,25368.75,568,3,3,2,332,Regular
1848843,2024-10-15 18:27:06,3,56637.98,562,3,5,4,354,Regular
1848852,2024-10-09 19:59:03,1,129999.99,568,3,3,5,335,Regular
1849120,2024-10-09 19:11:46,1,13180.0,568,3,3,1,331,Regular
1849422,2026-04-30 15:46:10,186,14350039.02,0,5,5,5,555,VIP
1849772,2024-10-10 04:49:54,2,51998.08,567,3,5,4,354,Regular
1850815,2025-01-15 17:04:37,2,207684.42,470,3,5,5,355,Regular
1851446,2024-10-10 23:54:43,2,87430.57,567,3,5,4,354,Regular
1852546,2024-10-14 18:34:52,1,50753.05,563,3,3,4,334,Regular
1853143,2024-10-11 23:02:42,1,19106.39,566,3,3,2,332,Regular
1853426,2024-10-12 01:38:56,1,7146.21,566,3,3,1,331,Regular
1854400,2024-10-13 01:23:41,2,46928.9,565,3,5,4,354,Regular
1854683,2024-12-03 23:55:07,2,81785.99,513,3,5,4,354,Regular
1854824,2024-11-24 17:59:42,1,6932.76,522,3,3,1,331,Regular
1854893,2025-09-08 20:14:48,2,72524.26,234,4,5,4,454,Leal
1855251,2024-11-06 02:58:00,1,121761.93,540,3,3,5,335,Regular
1856511,2026-02-04 02:11:19,1,161815.01,86,5,3,5,535,Leal
1857869,2025-08-18 17:27:17,1,26264.21,255,4,3,3,433,Leal
1858600,2024-12-12 17:03:40,1,28000.0,504,3,3,3,333,Regular
1858829,2024-12-09 18:55:32,3,63850.33,507,3,5,4,354,Regular
1859185,2024-10-17 07:49:08,1,41216.52,560,3,3,3,333,Regular
1862313,2024-10-22 11:51:07,1,37459.81,555,3,3,3,333,Regular
1862593,2025-08-05 23:55:58,1,56678.38,268,4,3,4,434,Leal
1862610,2025-01-31 21:32:00,2,21207.44,454,3,5,2,352,Regular
1863641,2024-10-17 16:20:03,1,29841.54,560,3,3,3,333,Regular
1864083,2025-05-01 05:26:08,1,25027.76,364,4,3,2,432,Leal
1864277,2024-10-17 22:37:13,2,19392.9,560,3,5,2,352,Regular
1865411,2024-10-18 14:54:43,1,14889.84,559,3,3,2,332,Regular
1865674,2024-10-18 16:56:28,1,30613.94,559,3,3,3,333,Regular
1866340,2025-02-15 18:21:09,2,12124.24,439,3,5,1,351,Regular
1866612,2024-10-20 19:51:10,1,17999.97,557,3,3,2,332,Regular
1868897,2024-11-24 17:28:35,1,61155.0,522,3,3,4,334,Regular
1869552,2024-10-22 21:05:03,1,104795.7,555,3,3,5,335,Regular
1870899,2024-10-21 17:34:52,1,55156.85,556,3,3,4,334,Regular
1870999,2024-10-30 16:01:00,2,188861.73,547,3,5,5,355,Regular
1872636,2024-10-22 20:43:26,1,20332.41,555,3,3,2,332,Regular
1874806,2024-11-25 18:01:37,1,86399.98,521,3,3,4,334,Regular
1875307,2024-10-25 19:14:56,3,162491.38,552,3,5,5,355,Regular
1875505,2024-12-06 18:57:25,1,3426.49,510,3,3,1,331,Regular
1878669,2025-02-19 21:25:04,1,208507.19,435,3,3,5,335,Regular
1880627,2025-03-27 16:04:50,1,15258.23,399,4,3,2,432,Leal
1880667,2024-11-25 22:45:39,1,36312.71,521,3,3,3,333,Regular
1882085,2025-02-03 21:13:11,2,208812.18,451,3,5,5,355,Regular
1882508,2024-10-29 18:53:03,1,47543.15,548,3,3,4,334,Regular
1883610,2024-11-02 13:40:53,2,842481.04,544,3,5,5,355,Regular
1883824,2024-10-28 22:54:34,1,1911.64,549,3,3,1,331,Regular
1883843,2025-10-30 22:22:04,1,6043.19,182,5,3,1,531,Leal
1884140,2024-10-28 19:29:01,2,349996.98,549,3,5,5,355,Regular
1886160,2024-11-04 17:18:30,1,11891.91,542,3,3,1,331,Regular
1887520,2024-10-30 15:52:23,1,120803.95,547,3,3,5,335,Regular
1887632,2025-02-17 15:47:42,1,132691.91,437,3,3,5,335,Regular
1887666,2024-10-30 17:20:37,1,43770.49,547,3,3,3,333,Regular
1889257,2024-12-30 14:10:18,1,35534.66,486,3,3,3,333,Regular
1889494,2025-02-17 18:57:56,2,128312.43,437,3,5,5,355,Regular
1889783,2024-10-31 18:50:11,1,9186.11,546,3,3,1,331,Regular
1890294,2024-11-30 17:26:39,1,21248.15,516,3,3,2,332,Regular
1891224,2025-01-06 21:18:48,1,67501.78,479,3,3,4,334,Regular
1891638,2024-11-01 18:58:34,1,32910.44,545,3,3,3,333,Regular
1894652,2024-11-15 20:21:21,1,2480.67,531,3,3,1,331,Regular
1895916,2024-11-04 12:59:00,1,17999.77,542,3,3,2,332,Regular
1896316,2025-02-21 15:20:04,1,35775.08,433,3,3,3,333,Regular
1896384,2024-11-04 20:02:18,1,120803.95,542,3,3,5,335,Regular
1896676,2024-11-09 20:49:55,1,18156.35,537,3,3,2,332,Regular
1896770,2024-11-08 21:00:13,1,179596.49,538,3,3,5,335,Regular
1898616,2024-11-05 20:55:47,1,13407.24,541,3,3,2,332,Regular
1899303,2024-11-06 18:19:45,1,125603.76,540,3,3,5,335,Regular
1899321,2024-11-06 14:22:55,1,64667.31,540,3,3,4,334,Regular
1899882,2024-12-21 18:33:49,1,237781.55,495,3,3,5,335,Regular
1902323,2024-11-10 20:32:38,1,51785.85,536,3,3,4,334,Regular
1902810,2024-11-08 17:21:06,2,87430.57,538,3,5,4,354,Regular
1904241,2024-11-08 22:03:00,1,52401.77,538,3,3,4,334,Regular
1905299,2024-11-09 03:01:12,1,8854.62,537,3,3,1,331,Regular
1906522,2024-11-11 20:05:05,1,33361.13,535,3,3,3,333,Regular
1906645,2024-11-09 21:09:24,1,40233.86,537,3,3,3,333,Regular
1908245,2025-07-12 17:18:38,2,22376.57,292,4,5,2,452,Leal
1910179,2024-11-11 20:38:41,1,11134.62,535,3,3,1,331,Regular
1910340,2024-11-12 15:37:38,2,172200.0,534,3,5,5,355,Regular
1910466,2026-01-07 21:45:38,1,19413.61,113,5,3,2,532,Leal
1912554,2024-11-12 17:10:42,1,270555.45,534,3,3,5,335,Regular
1913316,2025-05-08 16:54:38,2,178622.77,357,4,5,5,455,Leal
1914630,2024-11-16 20:13:04,1,26189.37,530,3,3,3,333,Regular
1914687,2024-11-13 16:53:55,1,20773.43,533,3,3,2,332,Regular
1914875,2024-11-20 16:45:12,1,70904.4,526,3,3,4,334,Regular
1915260,2024-11-19 22:52:13,1,41414.48,527,3,3,3,333,Regular
1915639,2024-11-14 18:04:18,2,41523.77,532,3,5,3,353,Regular
1915851,2025-01-18 07:33:36,2,85923.38,467,3,5,4,354,Regular
1916646,2024-12-17 15:05:05,1,13165.89,499,3,3,1,331,Regular
1916850,2025-01-25 04:22:46,2,279608.32,460,3,5,5,355,Regular
1917395,2024-11-18 21:38:18,2,49194.92,528,3,5,4,354,Regular
1917879,2024-11-16 14:56:52,7,317511.02,530,3,5,5,355,Regular
1918859,2024-11-15 17:04:03,2,10428.38,531,3,5,1,351,Regular
1921180,2024-11-16 21:44:28,1,19759.04,530,3,3,2,332,Regular
1922678,2024-11-17 16:29:42,1,43200.98,529,3,3,3,333,Regular
1923648,2024-11-18 13:34:50,1,24588.26,528,3,3,2,332,Regular
1924495,2024-11-18 18:38:03,1,36951.31,528,3,3,3,333,Regular
1924730,2025-05-12 14:38:06,1,8203.46,353,4,3,1,431,Leal
1925046,2024-11-18 19:21:26,2,36482.02,528,3,5,3,353,Regular
1925378,2024-11-18 22:24:42,1,15274.09,528,3,3,2,332,Regular
1925558,2024-11-22 16:15:54,3,131311.47,524,3,5,5,355,Regular
1925997,2024-11-20 22:06:28,1,59880.85,526,3,3,4,334,Regular
1927424,2024-11-19 22:30:40,1,6763.72,527,3,3,1,331,Regular
1927672,2026-02-16 18:52:11,2,16699.59,73,5,5,2,552,VIP
1928788,2024-11-20 21:38:04,1,43200.98,526,3,3,3,333,Regular
1929435,2024-11-20 20:46:37,1,41414.48,526,3,3,3,333,Regular
1929855,2024-11-21 02:35:05,1,95237.12,526,3,3,5,335,Regular
1929924,2024-11-27 15:31:27,1,76383.34,519,3,3,4,334,Regular
1930007,2024-11-29 23:33:20,1,200961.13,517,3,3,5,335,Regular
1931479,2025-05-26 17:04:34,1,50619.53,339,4,3,4,434,Leal
1931770,2024-11-22 16:45:28,1,19324.67,524,3,3,2,332,Regular
1933062,2025-03-10 18:58:03,1,35209.06,416,4,3,3,433,Leal
1933709,2024-11-22 21:32:39,1,24588.26,524,3,3,2,332,Regular
1935094,2024-12-05 16:09:59,4,375176.87,511,3,5,5,355,Regular
1935097,2024-11-23 14:20:41,1,14889.84,523,3,3,2,332,Regular
1935314,2024-11-23 16:47:09,1,10081.86,523,3,3,1,331,Regular
1935827,2024-11-23 22:20:11,1,10397.28,523,3,3,1,331,Regular
1936441,2024-11-30 19:39:04,1,33063.38,516,3,3,3,333,Regular
1937964,2024-11-25 00:46:24,1,59294.39,522,3,3,4,334,Regular
1939851,2024-11-25 22:22:32,1,32034.6,521,3,3,3,333,Regular
1941378,2024-11-29 17:29:48,1,13822.3,517,3,3,2,332,Regular
1941678,2024-12-03 21:37:07,2,51998.08,513,3,5,4,354,Regular
1941918,2024-11-26 21:55:11,1,26241.05,520,3,3,3,333,Regular
1942774,2024-11-27 07:13:25,1,57607.15,519,3,3,4,334,Regular
1943321,2024-11-27 17:00:15,1,4615.32,519,3,3,1,331,Regular
1943370,2025-09-16 18:02:50,2,515767.1,226,4,5,5,455,Leal
1943510,2024-11-28 17:21:33,2,115160.86,518,3,5,5,355,Regular
1943580,2025-09-25 21:03:36,1,21536.92,217,5,3,2,532,Leal
1943896,2024-11-27 22:05:53,1,17874.2,519,3,3,2,332,Regular
1945528,2024-11-30 20:10:18,2,135003.56,516,3,5,5,355,Regular
1945785,2024-11-28 21:41:00,2,78008.31,518,3,5,4,354,Regular
1945809,2024-11-28 19:28:16,3,133446.66,518,3,5,5,355,Regular
1947558,2024-12-06 17:03:40,1,43199.99,510,3,3,3,333,Regular
1948223,2024-11-29 20:32:52,2,87430.57,517,3,5,4,354,Regular
1949899,2024-11-30 17:44:12,1,28447.52,516,3,3,3,333,Regular
1952628,2025-05-02 19:32:45,1,175337.89,363,4,3,5,435,Leal
1953755,2024-12-02 18:29:21,1,12051.45,514,3,3,1,331,Regular
1954021,2024-12-19 19:48:15,1,18117.02,497,3,3,2,332,Regular
1954241,2024-12-03 17:30:47,2,87430.57,513,3,5,4,354,Regular
1954528,2025-01-24 13:37:11,1,28000.0,461,3,3,3,333,Regular
1954646,2024-12-03 20:23:22,1,21248.15,513,3,3,2,332,Regular
1955494,2024-12-03 16:22:31,1,127224.15,513,3,3,5,335,Regular
1955531,2024-12-03 16:34:41,1,147802.17,513,3,3,5,335,Regular
1955540,2024-12-03 19:23:33,2,111394.46,513,3,5,5,355,Regular
1955600,2024-12-03 18:52:38,1,19501.19,513,3,3,2,332,Regular
1955630,2024-12-03 17:38:34,1,41414.48,513,3,3,3,333,Regular
1955880,2024-12-03 20:16:15,1,22321.08,513,3,3,2,332,Regular
1957321,2024-12-05 14:03:13,1,5343.71,511,3,3,1,331,Regular
1958005,2024-12-05 16:39:49,1,56559.69,511,3,3,4,334,Regular
1959220,2024-12-05 15:12:42,3,53998.02,511,3,5,4,354,Regular
1960237,2024-12-06 05:54:38,1,5205.56,510,3,3,1,331,Regular
1961682,2024-12-07 12:50:33,1,41414.48,509,3,3,3,333,Regular
1961905,2024-12-06 20:01:08,1,77125.86,510,3,3,4,334,Regular
1961919,2024-12-12 20:18:49,1,29595.11,504,3,3,3,333,Regular
1963230,2024-12-09 04:26:18,1,121804.62,507,3,3,5,335,Regular
1963323,2024-12-07 17:24:51,1,41674.85,509,3,3,3,333,Regular
1963566,2024-12-07 16:32:21,1,18156.35,509,3,3,2,332,Regular
1963807,2024-12-07 20:01:07,3,257078.76,509,3,5,5,355,Regular
1964394,2024-12-09 15:13:53,1,43770.49,507,3,3,3,333,Regular
1965486,2024-12-09 00:51:37,1,13681.86,508,3,3,2,332,Regular
1967251,2024-12-09 15:48:55,1,106798.05,507,3,3,5,335,Regular
1967269,2024-12-09 14:53:48,1,52579.92,507,3,3,4,334,Regular
1967337,2024-12-28 14:00:33,1,12925.48,488,3,3,1,331,Regular
1967951,2025-12-25 14:37:17,1,26958.65,126,5,3,3,533,Leal
1968085,2024-12-10 01:14:00,1,43199.99,507,3,3,3,333,Regular
1968114,2025-10-04 04:23:35,1,9999.63,208,5,3,1,531,Leal
1968258,2024-12-27 16:11:03,1,14631.18,489,3,3,2,332,Regular
1968609,2024-12-10 15:40:52,1,62749.35,506,3,3,4,334,Regular
1970114,2025-04-16 15:52:35,1,61050.75,379,4,3,4,434,Leal
1971001,2024-12-30 16:48:49,1,50968.08,486,3,3,4,334,Regular
1971508,2024-12-11 20:23:11,2,108366.8,505,3,5,5,355,Regular
1971881,2024-12-11 20:01:13,1,43199.99,505,3,3,3,333,Regular
1972505,2024-12-16 15:28:07,1,232923.65,500,3,3,5,335,Regular
1972790,2025-07-24 17:42:56,1,48776.1,280,4,3,4,434,Leal
1973415,2024-12-12 15:30:24,1,94199.62,504,3,3,5,335,Regular
1973654,2025-08-29 15:59:35,2,130355.53,244,4,5,5,455,Leal
1973665,2025-02-17 02:06:37,2,51998.08,438,3,5,4,354,Regular
1973986,2024-12-19 14:13:58,2,346629.46,497,3,5,5,355,Regular
1974083,2024-12-13 16:42:10,1,114194.9,503,3,3,5,335,Regular
1974228,2025-01-03 04:03:15,1,41414.48,482,3,3,3,333,Regular
1974346,2024-12-17 20:33:11,1,9186.11,499,3,3,1,331,Regular
1974821,2024-12-17 17:40:21,1,42017.99,499,3,3,3,333,Regular
1977568,2024-12-14 17:02:19,1,14923.76,502,3,3,2,332,Regular
1979190,2024-12-14 23:01:09,1,20173.73,502,3,3,2,332,Regular
1980832,2024-12-19 02:17:50,2,111252.43,498,3,5,5,355,Regular
1980854,2024-12-15 15:57:27,1,61342.43,501,3,3,4,334,Regular
1985751,2024-12-17 16:45:53,1,2812.34,499,3,3,1,331,Regular
1985838,2024-12-17 16:58:05,1,3734.1,499,3,3,1,331,Regular
1988159,2025-02-13 14:12:22,2,68790.39,441,3,5,4,354,Regular
1988496,2024-12-18 18:40:20,2,38785.81,498,3,5,3,353,Regular
1988769,2024-12-26 17:02:26,1,17459.69,490,3,3,2,332,Regular
1990588,2024-12-19 19:11:43,1,15249.81,497,3,3,2,332,Regular
1990667,2024-12-19 21:26:48,2,15130.31,497,3,5,2,352,Regular
1990675,2025-12-16 12:50:09,2,46532.99,135,5,5,4,554,VIP
1990743,2024-12-19 21:42:34,1,41414.48,497,3,3,3,333,Regular
1990890,2024-12-19 22:42:44,1,15249.81,497,3,3,2,332,Regular
1992843,2024-12-21 00:34:59,1,37328.15,496,3,3,3,333,Regular
1993037,2024-12-21 15:10:58,1,24026.26,495,3,3,2,332,Regular
1993093,2024-12-21 03:53:04,1,14386.69,495,3,3,2,332,Regular
1994437,2025-01-13 17:26:47,4,410685.42,472,3,5,5,355,Regular
1996107,2025-02-03 17:31:49,1,15748.14,451,3,3,2,332,Regular
1997266,2025-12-27 21:57:21,1,37601.18,124,5,3,3,533,Leal
1998592,2024-12-24 13:17:56,1,33359.17,492,3,3,3,333,Regular
2001565,2024-12-25 22:51:36,1,67336.18,491,3,3,4,334,Regular
2002776,2025-11-12 14:07:39,2,48542.17,169,5,5,4,554,VIP
2003031,2024-12-27 20:54:15,1,14067.29,489,3,3,2,332,Regular
2003081,2024-12-26 17:57:34,1,46527.69,490,3,3,4,334,Regular
2005367,2025-01-13 14:36:21,1,49264.62,472,3,3,4,334,Regular
2006843,2024-12-30 04:35:54,1,21247.19,486,3,3,2,332,Regular
2006984,2024-12-28 20:10:46,3,247394.34,488,3,5,5,355,Regular
2007024,2024-12-28 18:43:06,1,32299.68,488,3,3,3,333,Regular
2007206,2024-12-30 17:27:05,1,5822.97,486,3,3,1,331,Regular
2007331,2024-12-28 21:45:14,1,19276.49,488,3,3,2,332,Regular
2007423,2024-12-30 18:35:01,4,190767.74,486,3,5,5,355,Regular
2011297,2024-12-30 22:41:59,1,139000.63,486,3,3,5,335,Regular
2012572,2024-12-31 15:24:43,1,27068.64,485,3,3,3,333,Regular
2013048,2024-12-31 20:34:13,1,4916.36,485,3,3,1,331,Regular
2014479,2025-01-30 21:06:32,1,50230.69,455,3,3,4,334,Regular
2015033,2025-08-09 15:58:58,4,43660.83,264,4,5,3,453,Leal
2016499,2025-01-08 18:37:46,1,16199.49,477,3,3,2,332,Regular
2016754,2025-01-02 22:13:59,2,123235.39,483,3,5,5,355,Regular
2017995,2025-01-03 14:02:13,1,9879.52,482,3,3,1,331,Regular
2018460,2025-01-03 19:04:29,1,12231.75,482,3,3,1,331,Regular
2023861,2025-01-06 20:03:16,1,71297.14,479,3,3,4,334,Regular
2024178,2025-01-06 21:08:36,1,21616.55,479,3,3,2,332,Regular
2024260,2025-01-15 01:18:04,1,7676.41,471,3,3,1,331,Regular
2025684,2025-01-07 19:51:52,1,136646.65,478,3,3,5,335,Regular
2026240,2025-01-07 21:25:04,1,41414.48,478,3,3,3,333,Regular
2026267,2025-01-07 22:33:57,1,14782.94,478,3,3,2,332,Regular
2026306,2025-02-01 12:34:30,4,68984.51,453,3,5,4,354,Regular
2027836,2025-01-08 17:59:31,1,106798.05,477,3,3,5,335,Regular
2027953,2025-01-08 19:34:20,3,47142.87,477,3,5,4,354,Regular
2028244,2025-01-08 21:35:36,1,4493.19,477,3,3,1,331,Regular
2029838,2025-01-11 16:13:26,1,37624.93,474,3,3,3,333,Regular
2030245,2025-01-09 20:52:59,1,97200.0,476,3,3,5,335,Regular
2032805,2025-01-13 17:55:24,1,44217.14,472,3,3,3,333,Regular
2032969,2025-01-14 22:25:37,2,72650.9,471,3,5,4,354,Regular
2033940,2025-01-11 15:01:16,1,166754.13,474,3,3,5,335,Regular
2034038,2025-02-21 20:35:04,1,68044.86,433,3,3,4,334,Regular
2035229,2025-02-20 06:56:04,1,63185.54,434,3,3,4,334,Regular
2035979,2025-01-12 16:00:19,1,16890.06,473,3,3,2,332,Regular
2038946,2025-01-14 02:12:12,1,70418.12,472,3,3,4,334,Regular
2038954,2025-01-14 14:05:01,1,16002.31,471,3,3,2,332,Regular
2039330,2025-01-14 16:17:21,1,40152.0,471,3,3,3,333,Regular
2039334,2025-01-15 20:53:34,1,20731.67,470,3,3,2,332,Regular
2042614,2025-01-15 18:05:01,1,22831.88,470,3,3,2,332,Regular
2043011,2025-01-15 22:09:04,1,22217.8,470,3,3,2,332,Regular
2043245,2025-03-08 14:33:26,2,40838.34,418,4,5,3,453,Leal
2044367,2026-03-13 16:05:52,1,14781.08,48,5,3,2,532,Leal
2044758,2025-01-16 17:45:29,1,16359.2,469,3,3,2,332,Regular
2046839,2025-01-17 16:53:34,3,41968.02,468,3,5,3,353,Regular
2047004,2025-01-17 22:44:36,1,42169.26,468,3,3,3,333,Regular
2047099,2025-01-17 18:51:10,1,11999.99,468,3,3,1,331,Regular
2047599,2025-05-08 01:31:23,2,125535.95,358,4,5,5,455,Leal
2048104,2025-01-18 04:26:28,1,3350.04,467,3,3,1,331,Regular
2049386,2025-01-18 20:13:52,1,17942.51,467,3,3,2,332,Regular
2050841,2025-01-19 14:01:58,1,38985.0,466,3,3,3,333,Regular
2051325,2025-11-22 16:43:48,1,62093.12,159,5,3,4,534,Leal
2053332,2025-01-25 13:41:17,2,96946.13,460,3,5,5,355,Regular
2053347,2025-01-20 19:11:39,1,5615.7,465,3,3,1,331,Regular
2053722,2025-01-20 22:27:49,1,57673.5,465,3,3,4,334,Regular
2054204,2025-01-22 20:08:27,2,66500.03,463,3,5,4,354,Regular
2054533,2025-01-21 06:57:10,1,27049.5,464,3,3,3,333,Regular
2054909,2025-06-09 15:39:06,1,6219.63,325,4,3,1,431,Leal
2055287,2025-01-21 17:12:42,1,95765.39,464,3,3,5,335,Regular
2055995,2025-01-22 17:54:39,1,3271.73,463,3,3,1,331,Regular
2056315,2025-01-22 05:05:21,2,48000.14,463,3,5,4,354,Regular
2056763,2025-01-22 15:33:11,1,68074.66,463,3,3,4,334,Regular
2057312,2025-01-22 15:24:49,1,14000.0,463,3,3,2,332,Regular
2058587,2025-01-28 01:26:20,1,28713.18,458,3,3,3,333,Regular
2059586,2025-01-23 18:04:12,1,129999.99,462,3,3,5,335,Regular
2059632,2025-01-23 17:30:47,1,25999.04,462,3,3,3,333,Regular
2059756,2025-01-23 18:58:37,1,135289.37,462,3,3,5,335,Regular
2059877,2026-03-20 01:32:41,13,264449.96,42,5,5,5,555,VIP
2061721,2025-01-24 17:13:44,1,10658.02,461,3,3,1,331,Regular
2062042,2025-01-25 22:04:43,2,91199.98,460,3,5,5,355,Regular
2063652,2025-01-25 14:32:16,1,24000.07,460,3,3,2,332,Regular
2063665,2025-02-19 15:56:41,1,45051.09,435,3,3,4,334,Regular
2063857,2025-01-29 19:41:52,1,39998.8,456,3,3,3,333,Regular
2064426,2025-01-26 14:15:14,1,33013.77,459,3,3,3,333,Regular
2070379,2025-10-07 01:13:36,2,282093.75,206,5,5,5,555,VIP
2075773,2025-02-05 19:50:43,1,59426.85,449,3,3,4,334,Regular
2075822,2025-02-04 23:10:19,1,105508.92,450,3,3,5,335,Regular
2076086,2025-10-21 14:40:54,1,19564.11,191,5,3,2,532,Leal
2077535,2025-02-01 17:44:02,1,3148.86,453,3,3,1,331,Regular
2077782,2025-02-05 15:26:07,2,37753.13,449,3,5,3,353,Regular
2078275,2025-02-02 20:02:06,1,13352.77,452,3,3,1,331,Regular
2079068,2025-10-28 03:47:35,1,46279.0,184,5,3,4,534,Leal
2079304,2025-03-03 15:00:09,1,43626.87,423,4,3,3,433,Leal
2079712,2025-05-19 22:56:15,2,56999.99,346,4,5,4,454,Leal
2081078,2025-02-03 18:35:46,1,41368.66,451,3,3,3,333,Regular
2081336,2025-03-11 17:10:22,1,27303.46,415,4,3,3,433,Leal
2081641,2025-02-03 22:52:52,1,21645.31,451,3,3,2,332,Regular
2082083,2025-02-23 22:00:19,3,7604.98,431,4,5,1,451,Leal
2083002,2025-02-23 15:48:00,1,1940.38,431,4,3,1,431,Leal
2083241,2025-02-04 17:28:03,1,9871.5,450,3,3,1,331,Regular
2083250,2025-02-04 20:20:48,1,14068.14,450,3,3,2,332,Regular
2083277,2025-02-11 16:53:00,1,33785.97,443,3,3,3,333,Regular
2083804,2025-02-05 18:27:30,1,36360.36,449,3,3,3,333,Regular
2084874,2025-03-05 10:58:14,3,359991.57,421,4,5,5,455,Leal
2084969,2025-02-06 14:02:06,1,8943.51,448,3,3,1,331,Regular
2084996,2025-08-01 22:34:50,3,70279.59,272,4,5,4,454,Leal
2087720,2025-02-11 15:01:22,1,239777.34,443,3,3,5,335,Regular
2089178,2025-02-07 19:40:10,1,32506.4,447,3,3,3,333,Regular
2089668,2025-08-04 22:30:17,4,129233.69,269,4,5,5,455,Leal
2089854,2025-02-11 19:15:42,1,9999.63,443,3,3,1,331,Regular
2089929,2025-02-24 14:33:26,4,45334.14,430,4,5,4,454,Leal
2092900,2025-02-09 18:21:35,1,3179.63,445,3,3,1,331,Regular
2093196,2025-12-19 22:25:46,1,9865.13,132,5,3,1,531,Leal
2094581,2025-02-10 17:47:56,1,11986.42,444,3,3,1,331,Regular
2094945,2025-02-10 21:13:26,1,66208.87,444,3,3,4,334,Regular
2095413,2025-02-12 16:54:21,1,25999.04,442,3,3,3,333,Regular
2098843,2025-02-12 21:32:54,1,31838.81,442,3,3,3,333,Regular
2100454,2025-02-13 15:09:39,2,15130.31,441,3,5,2,352,Regular
2100500,2025-08-30 18:15:41,1,7175.17,243,4,3,1,431,Leal
2100582,2025-02-13 22:58:40,1,70335.3,441,3,3,4,334,Regular
2100740,2025-02-14 21:31:43,2,37319.78,440,3,5,3,353,Regular
2102753,2025-02-14 17:28:18,2,35575.56,440,3,5,3,353,Regular
2102888,2025-02-14 18:35:24,1,24007.88,440,3,3,2,332,Regular
2105692,2025-02-16 05:51:19,2,183685.99,438,3,5,5,355,Regular
2106107,2025-02-16 12:49:09,1,33247.31,438,3,3,3,333,Regular
2106334,2025-02-16 15:59:22,1,13875.7,438,3,3,2,332,Regular
2108342,2025-02-17 15:41:57,1,57673.5,437,3,3,4,334,Regular
2111095,2025-03-12 17:36:34,1,20443.09,414,4,3,2,432,Leal
2112822,2025-02-19 21:21:24,1,23752.25,435,3,3,2,332,Regular
2114502,2025-02-20 17:12:47,1,4458.84,434,3,3,1,331,Regular
2115630,2025-09-04 17:00:08,3,42242.31,238,4,5,3,453,Leal
2116969,2025-02-21 18:58:39,1,5205.56,433,3,3,1,331,Regular
2121117,2025-02-24 00:02:00,2,42566.8,431,4,5,3,453,Leal
2121268,2025-02-26 20:42:26,1,14684.34,428,4,3,2,432,Leal
2123096,2025-05-19 17:51:52,2,97261.45,346,4,5,5,455,Leal
2127605,2025-02-27 14:08:34,1,17171.55,427,4,3,2,432,Leal
2129867,2025-02-28 03:06:44,1,8646.27,426,4,3,1,431,Leal
2132616,2025-03-15 03:50:12,2,47615.88,411,4,5,4,454,Leal
2132816,2025-03-03 01:09:34,1,47011.79,424,4,3,4,434,Leal
2135413,2025-03-03 02:17:13,1,116730.85,424,4,3,5,435,Leal
2136290,2025-03-03 18:54:48,3,410887.59,423,4,5,5,455,Leal
2137127,2025-05-27 21:31:20,1,14781.08,338,4,3,2,432,Leal
2137389,2025-03-05 22:55:13,1,18178.45,421,4,3,2,432,Leal
2137531,2025-03-07 15:22:50,1,174624.57,419,4,3,5,435,Leal
2138844,2025-03-04 17:54:53,1,284027.76,422,4,3,5,435,Leal
2140628,2025-03-05 15:51:18,1,12231.75,421,4,3,1,431,Leal
2141148,2025-03-27 01:51:24,1,134298.61,400,4,3,5,435,Leal
2142965,2025-03-12 21:50:32,1,160.87,414,4,3,1,431,Leal
2143182,2025-04-06 16:59:25,1,42276.7,389,4,3,3,433,Leal
2143300,2025-03-25 13:14:38,2,47294.03,401,4,5,4,454,Leal
2143764,2025-08-21 22:08:55,1,115344.22,252,4,3,5,435,Leal
2145297,2025-03-22 15:53:47,1,4651.71,404,4,3,1,431,Leal
2145841,2025-03-08 03:19:02,1,4811.89,418,4,3,1,431,Leal
2146871,2025-03-08 16:57:42,3,175511.46,418,4,5,5,455,Leal
2147261,2025-03-09 15:08:34,2,83390.83,417,4,5,4,454,Leal
2149574,2025-04-30 16:45:11,1,38947.69,365,4,3,3,433,Leal
2149674,2025-03-10 02:56:24,1,5205.56,416,4,3,1,431,Leal
2153004,2025-03-12 21:27:29,1,67501.78,414,4,3,4,434,Leal
2155237,2025-03-12 21:03:06,1,10397.28,414,4,3,1,431,Leal
2157821,2025-05-06 21:09:41,3,140210.4,359,4,5,5,455,Leal
2159600,2025-03-14 22:03:00,3,389999.97,412,4,5,5,455,Leal
2160212,2025-03-15 04:25:26,1,24651.06,411,4,3,2,432,Leal
2163189,2025-05-02 05:37:17,1,42469.41,363,4,3,3,433,Leal
2165550,2025-03-18 01:10:23,1,57738.1,409,4,3,4,434,Leal
2165560,2025-03-17 19:17:04,1,3173.74,409,4,3,1,431,Leal
2166090,2025-03-18 00:46:29,1,45052.06,409,4,3,4,434,Leal
2166411,2025-03-18 11:39:54,1,18911.07,408,4,3,2,432,Leal
2167498,2025-03-18 17:02:51,1,37822.14,408,4,3,3,433,Leal
2169792,2025-03-19 18:43:18,1,4320.52,407,4,3,1,431,Leal
2170806,2025-03-20 04:30:44,1,50027.7,406,4,3,4,434,Leal
2172524,2025-03-21 15:48:46,1,21740.96,405,4,3,2,432,Leal
2172660,2025-03-21 15:31:27,2,44758.16,405,4,5,3,453,Leal
2175845,2025-03-22 16:01:52,1,130203.85,404,4,3,5,435,Leal
2177223,2025-03-23 06:42:01,1,19944.76,403,4,3,2,432,Leal
2177944,2025-09-27 15:54:00,1,39057.52,215,5,3,3,533,Leal
2179789,2025-03-24 18:23:36,1,25999.04,402,4,3,3,433,Leal
2180112,2025-03-24 21:11:38,1,27073.04,402,4,3,3,433,Leal
2180413,2025-03-24 21:13:00,1,457380.79,402,4,3,5,435,Leal
2181201,2025-03-25 05:08:22,1,3853.62,401,4,3,1,431,Leal
2181794,2025-03-25 13:04:30,1,16999.46,401,4,3,2,432,Leal
2182362,2025-03-25 20:53:37,2,41879.71,401,4,5,3,453,Leal
2183429,2025-05-03 22:28:53,1,45772.62,362,4,3,4,434,Leal
2185971,2025-05-01 13:33:22,3,59799.78,364,4,5,4,454,Leal
2187818,2025-03-28 16:25:24,1,129999.99,398,4,3,5,435,Leal
2188190,2025-04-13 20:17:09,1,45772.62,382,4,3,4,434,Leal
2189515,2025-03-29 13:47:11,1,21600.06,397,4,3,2,432,Leal
2189519,2025-12-17 17:19:00,2,11640.18,134,5,5,1,551,VIP
2189659,2025-03-29 17:13:58,1,67501.78,397,4,3,4,434,Leal
2189836,2025-03-29 22:09:28,1,46358.93,397,4,3,4,434,Leal
2191060,2025-06-23 12:14:18,3,8049.72,311,4,5,1,451,Leal
2193759,2025-03-31 21:13:35,1,134298.61,395,4,3,5,435,Leal
2194571,2025-04-21 16:56:14,1,793.36,374,4,3,1,431,Leal
2196108,2025-04-12 22:06:31,1,162786.34,383,4,3,5,435,Leal
2196364,2025-04-02 01:15:48,1,57493.32,394,4,3,4,434,Leal
2197525,2025-04-03 21:28:11,1,19792.11,392,4,3,2,432,Leal
2197737,2025-04-24 20:32:21,3,511892.88,371,4,5,5,455,Leal
2199517,2025-04-12 17:21:47,1,24741.53,383,4,3,2,432,Leal
2200620,2025-04-04 00:44:12,1,10822.65,392,4,3,1,431,Leal
2201729,2025-04-04 23:09:32,1,50619.53,391,4,3,4,434,Leal
2202588,2025-04-05 00:02:55,1,9809.99,391,4,3,1,431,Leal
2202658,2025-04-05 01:27:24,1,58374.91,391,4,3,4,434,Leal
2203955,2025-04-07 21:31:13,1,36078.49,388,4,3,3,433,Leal
2204371,2025-04-05 21:49:42,1,12231.75,390,4,3,1,431,Leal
2204784,2025-05-08 19:02:59,1,21754.3,357,4,3,2,432,Leal
2204991,2025-06-30 21:02:54,1,30913.88,304,4,3,3,433,Leal
2205659,2025-04-06 14:52:19,2,4337.9,389,4,5,1,451,Leal
2209885,2025-04-08 14:47:42,1,32659.63,387,4,3,3,433,Leal
2210139,2025-04-08 18:39:18,1,251328.6,387,4,3,5,435,Leal
2213108,2025-04-21 15:32:02,1,36000.0,374,4,3,3,433,Leal
2218443,2025-04-12 16:56:14,1,18210.06,383,4,3,2,432,Leal
2218639,2025-04-16 22:20:15,1,65303.11,379,4,3,4,434,Leal
2218814,2025-04-12 19:52:26,1,38880.89,383,4,3,3,433,Leal
2219792,2025-04-13 06:18:50,1,5650.84,382,4,3,1,431,Leal
2221683,2025-04-14 22:33:42,1,99999.99,381,4,3,5,435,Leal
2222996,2025-04-15 19:34:15,1,21125.46,380,4,3,2,432,Leal
2223326,2025-12-20 13:43:14,3,472621.24,131,5,5,5,555,VIP
2225390,2025-04-16 15:46:58,1,13881.78,379,4,3,2,432,Leal
2225722,2025-05-14 03:28:17,2,2471.96,351,4,5,1,451,Leal
2226410,2025-04-22 20:47:57,1,47329.0,373,4,3,4,434,Leal
2226590,2025-04-16 20:53:36,1,45772.62,379,4,3,4,434,Leal
2226901,2025-04-16 18:29:06,1,8713.7,379,4,3,1,431,Leal
2227689,2025-11-29 15:01:36,1,11838.81,152,5,3,1,531,Leal
2229539,2025-04-18 05:32:41,1,99999.99,377,4,3,5,435,Leal
2230829,2025-04-23 14:18:16,1,18847.79,372,4,3,2,432,Leal
2231773,2025-04-21 17:17:56,1,38880.89,374,4,3,3,433,Leal
2232512,2025-07-16 18:59:41,2,47510.2,288,4,5,4,454,Leal
2233084,2025-04-20 03:20:24,1,2810.72,375,4,3,1,431,Leal
2236284,2025-04-21 21:40:39,1,12231.75,374,4,3,1,431,Leal
2236638,2025-08-30 16:25:29,2,55998.22,243,4,5,4,454,Leal
2236777,2025-04-30 22:28:45,1,44354.62,365,4,3,3,433,Leal
2236811,2025-04-22 06:16:49,1,17649.85,373,4,3,2,432,Leal
2238519,2025-04-22 17:43:12,1,39805.15,373,4,3,3,433,Leal
2238695,2025-04-22 21:27:44,1,180342.04,373,4,3,5,435,Leal
2239402,2025-04-23 17:31:09,1,116731.03,372,4,3,5,435,Leal
2239616,2025-07-16 02:22:55,1,13300.86,289,4,3,1,431,Leal
2239909,2025-04-23 04:24:09,2,77453.22,372,4,5,4,454,Leal
2241042,2025-04-24 20:44:45,1,94869.33,371,4,3,5,435,Leal
2241143,2025-04-23 17:50:06,1,15601.75,372,4,3,2,432,Leal
2242083,2025-04-24 03:55:11,1,66066.12,371,4,3,4,434,Leal
2242770,2025-05-05 16:39:33,1,55686.42,360,4,3,4,434,Leal
2243981,2025-04-24 17:48:39,1,21600.06,371,4,3,2,432,Leal
2244247,2025-04-24 20:10:29,1,25466.74,371,4,3,2,432,Leal
2245065,2025-04-25 16:00:41,1,39500.92,370,4,3,3,433,Leal
2252058,2025-04-27 22:06:16,3,25936.18,368,4,5,2,452,Leal
2252172,2025-05-06 16:15:45,1,129999.99,359,4,3,5,435,Leal
2252536,2025-04-28 01:17:57,1,38792.12,368,4,3,3,433,Leal
2254700,2025-04-28 21:28:53,2,76499.9,367,4,5,4,454,Leal
2255086,2025-05-05 15:28:20,1,23586.34,360,4,3,2,432,Leal
2257382,2025-04-29 17:00:24,1,48211.43,366,4,3,4,434,Leal
2258027,2025-04-29 21:53:41,1,67378.28,366,4,3,4,434,Leal
2259831,2025-05-02 18:02:42,1,19008.26,363,4,3,2,432,Leal
2260805,2025-04-30 23:18:16,1,175337.89,365,4,3,5,435,Leal
2261328,2025-05-01 19:08:39,3,108000.0,364,4,5,5,455,Leal
2261516,2025-05-01 05:57:34,1,19837.76,364,4,3,2,432,Leal
2262494,2025-06-10 18:32:25,2,57033.11,324,4,5,4,454,Leal
2263327,2025-05-04 00:18:06,1,141895.43,362,4,3,5,435,Leal
2265002,2025-07-10 16:02:59,1,14010.05,294,4,3,2,432,Leal
2265394,2025-05-09 19:22:56,3,112102.23,356,4,5,5,455,Leal
2265427,2025-05-02 20:11:35,1,58374.91,363,4,3,4,434,Leal
2266714,2025-05-03 05:21:15,1,45772.62,362,4,3,4,434,Leal
2267586,2025-05-03 15:19:02,1,7242.6,362,4,3,1,431,Leal
2268021,2025-05-03 19:22:47,1,45772.62,362,4,3,4,434,Leal
2272442,2025-05-14 13:19:37,1,98885.54,351,4,3,5,435,Leal
2275884,2025-05-06 21:02:51,1,12231.75,359,4,3,1,431,Leal
2276079,2025-05-06 22:44:22,1,127997.08,359,4,3,5,435,Leal
2279043,2025-05-09 19:01:36,1,35998.92,356,4,3,3,433,Leal
2280326,2025-05-08 14:47:06,1,25199.99,357,4,3,2,432,Leal
2283627,2025-05-19 15:49:25,1,57970.44,346,4,3,4,434,Leal
2284863,2025-05-10 17:52:08,1,3870.45,355,4,3,1,431,Leal
2285608,2025-05-11 22:30:02,1,19019.29,354,4,3,2,432,Leal
2286140,2025-06-30 20:35:03,2,42134.78,304,4,5,3,453,Leal
2288131,2025-05-12 13:45:10,1,25624.49,353,4,3,2,432,Leal
2291046,2025-05-12 17:46:16,1,23586.34,353,4,3,2,432,Leal
2291401,2025-05-12 20:25:27,1,36236.79,353,4,3,3,433,Leal
2295321,2025-05-14 14:32:26,1,16356.44,351,4,3,2,432,Leal
2297421,2025-05-15 14:38:06,1,89451.3,350,4,3,4,434,Leal
2297717,2025-05-15 17:32:01,1,77613.55,350,4,3,4,434,Leal
2298177,2025-08-30 21:30:33,7,703843.94,243,4,5,5,455,Leal
2298557,2025-05-16 02:07:18,1,20160.56,350,4,3,2,432,Leal
2299593,2025-05-16 15:37:35,1,490.47,349,4,3,1,431,Leal
2299678,2025-05-16 16:37:17,1,3057.54,349,4,3,1,431,Leal
2300609,2025-05-17 04:14:37,1,23586.34,348,4,3,2,432,Leal
2300630,2025-05-18 00:37:53,2,56039.57,348,4,5,4,454,Leal
2301735,2025-06-19 15:58:24,3,155307.17,315,4,5,5,455,Leal
2302625,2025-05-18 02:34:26,1,2472.37,348,4,3,1,431,Leal
2302773,2025-05-29 23:29:56,2,11655.16,336,4,5,1,451,Leal
2303513,2025-06-07 21:45:34,1,1263.48,327,4,3,1,431,Leal
2303780,2025-05-20 19:05:11,3,57043.66,345,4,5,4,454,Leal
2305447,2025-05-19 17:06:19,1,9505.94,346,4,3,1,431,Leal
2306232,2025-05-19 21:50:17,1,7069.26,346,4,3,1,431,Leal
2307798,2025-05-20 22:25:27,1,13914.63,345,4,3,2,432,Leal
2309816,2025-05-21 17:42:57,1,19573.16,344,4,3,2,432,Leal
2309833,2025-07-21 15:02:03,1,5952.42,283,4,3,1,431,Leal
2309933,2025-05-23 14:22:40,1,6884.41,342,4,3,1,431,Leal
2310302,2025-06-19 19:52:18,2,195398.15,315,4,5,5,455,Leal
2310338,2025-05-21 22:54:49,1,83762.45,344,4,3,4,434,Leal
2310359,2025-07-14 17:55:41,16,639796.03,290,4,5,5,455,Leal
2313016,2025-05-23 02:49:39,1,6230.23,342,4,3,1,431,Leal
2314068,2025-05-23 16:50:25,3,184297.85,342,4,5,5,455,Leal
2314433,2025-05-23 19:45:12,1,23586.34,342,4,3,2,432,Leal
2315186,2025-11-15 20:54:14,1,9476.52,166,5,3,1,531,Leal
2315889,2025-05-27 14:07:31,1,19958.58,338,4,3,2,432,Leal
2316102,2025-05-24 16:42:24,1,60186.43,341,4,3,4,434,Leal
2317070,2025-05-26 17:06:04,1,115344.22,339,4,3,5,435,Leal
2318063,2025-05-25 15:40:48,2,102350.0,340,4,5,5,455,Leal
2318357,2025-05-26 03:08:42,1,85000.68,339,4,3,4,434,Leal
2318447,2025-06-24 03:54:39,1,12601.67,310,4,3,1,431,Leal
2319263,2025-05-26 22:10:45,1,14781.08,339,4,3,2,432,Leal
2320622,2025-05-30 14:13:03,1,18593.44,335,4,3,2,432,Leal
2322304,2025-05-27 16:09:13,1,7596.44,338,4,3,1,431,Leal
2322600,2025-05-27 18:14:11,1,43239.18,338,4,3,3,433,Leal
2322813,2025-07-03 14:36:48,1,77245.12,301,4,3,4,434,Leal
2324160,2025-05-31 20:42:34,2,128884.91,334,4,5,5,455,Leal
2326779,2025-05-29 18:21:32,1,64468.78,336,4,3,4,434,Leal
2327314,2025-05-30 00:58:34,1,45772.62,336,4,3,4,434,Leal
2327499,2025-05-30 02:17:02,1,4234.08,336,4,3,1,431,Leal
2327777,2025-05-30 16:03:57,1,15601.75,335,4,3,2,432,Leal
2328784,2025-06-24 21:13:51,2,98519.69,310,4,5,5,455,Leal
2328918,2025-08-06 17:39:58,3,15941.85,267,4,5,2,452,Leal
2329239,2025-05-30 22:09:58,1,43628.86,335,4,3,3,433,Leal
2329242,2025-05-31 16:06:10,1,46358.93,334,4,3,4,434,Leal
2330835,2025-06-01 02:57:03,2,49682.54,333,4,5,4,454,Leal
2331233,2025-05-31 22:02:54,1,17894.12,334,4,3,2,432,Leal
2331249,2025-07-12 15:35:03,2,160298.33,292,4,5,5,455,Leal
2331620,2025-09-12 14:31:28,3,134666.56,230,4,5,5,455,Leal
2332908,2025-06-01 19:09:45,3,48117.27,333,4,5,4,454,Leal
2333108,2025-06-02 20:40:06,1,12187.55,332,4,3,1,431,Leal
2336934,2025-06-03 16:51:47,1,183235.74,331,4,3,5,435,Leal
2339627,2025-06-05 14:16:10,1,14781.08,329,4,3,2,432,Leal
2341042,2025-06-05 16:54:11,1,5469.6,329,4,3,1,431,Leal
2341717,2025-06-06 00:23:43,6,360000.36,329,4,5,5,455,Leal
2341905,2026-02-05 19:08:20,1,39594.74,84,5,3,3,533,Leal
2341978,2025-06-07 15:38:18,1,45772.62,327,4,3,4,434,Leal
2342102,2025-06-06 04:00:29,1,3927.27,328,4,3,1,431,Leal
2342941,2025-06-09 17:01:55,1,60424.87,325,4,4,4,444,Leal
2343097,2025-06-06 17:45:46,1,23586.34,328,4,4,2,442,Leal
2343181,2025-06-06 19:31:48,1,17403.16,328,4,4,2,442,Leal
2343521,2025-06-06 22:50:49,1,54452.3,328,4,4,4,444,Leal
2344788,2025-06-07 15:16:27,1,3927.27,327,4,4,1,441,Leal
2345871,2026-03-30 18:05:25,6,24644.13,31,5,5,2,552,VIP
2347690,2025-06-09 05:28:10,1,36567.75,325,4,4,3,443,Leal
2348354,2025-06-09 15:06:57,2,72009.37,325,4,5,4,454,Leal
2348648,2026-04-04 14:27:10,1,71899.24,26,5,4,4,544,VIP
2349053,2025-06-09 22:22:52,1,67501.78,325,4,4,4,444,Leal
2349055,2025-06-16 19:05:23,1,115344.22,318,4,4,5,445,Leal
2350442,2025-06-10 16:52:39,1,133972.38,324,4,4,5,445,Leal
2350719,2025-06-10 21:33:09,1,19485.06,324,4,4,2,442,Leal
2350805,2025-07-03 21:27:27,1,126189.64,301,4,4,5,445,Leal
2350860,2025-10-01 18:16:39,4,193406.56,211,5,5,5,555,VIP
2351219,2025-06-11 01:53:58,2,9924.83,324,4,5,1,451,Leal
2353034,2025-10-14 15:05:54,3,391064.49,198,5,5,5,555,VIP
2353987,2025-06-12 13:14:56,1,18000.63,322,4,4,2,442,Leal
2355206,2025-06-13 19:29:35,1,38974.59,321,4,4,3,443,Leal
2356621,2025-06-13 20:24:31,1,5383.03,321,4,4,1,441,Leal
2357084,2025-06-24 00:05:25,1,16176.04,311,4,4,2,442,Leal
2357252,2025-06-14 14:00:31,1,39241.85,320,4,4,3,443,Leal
2358481,2025-06-28 14:45:58,1,34694.4,306,4,4,3,443,Leal
2358675,2025-06-18 17:10:30,1,17240.58,316,4,4,2,442,Leal
2360536,2025-06-15 22:47:22,1,56678.38,319,4,4,4,444,Leal
2362289,2025-06-17 14:07:02,1,1751.55,317,4,4,1,441,Leal
2362307,2025-06-16 20:15:34,1,13659.46,318,4,4,2,442,Leal
2363778,2025-06-17 16:54:36,2,104758.6,317,4,5,5,455,Leal
2363815,2025-06-17 19:42:07,1,45772.62,317,4,4,4,444,Leal
2364487,2025-07-02 16:20:10,1,21600.06,302,4,4,2,442,Leal
2364644,2025-06-18 01:12:16,1,25646.81,317,4,4,2,442,Leal
2364708,2025-06-18 03:00:27,1,131401.53,316,4,4,5,445,Leal
2364726,2025-06-18 02:19:01,1,3617.72,317,4,4,1,441,Leal
2365755,2025-06-19 16:50:45,2,74996.65,315,4,5,4,454,Leal
2367469,2025-06-19 15:30:38,1,12600.0,315,4,4,1,441,Leal
2367490,2025-06-19 15:11:12,1,6940.89,315,4,4,1,441,Leal
2368269,2025-06-19 23:32:11,1,3153.64,315,4,4,1,441,Leal
2368456,2025-06-25 16:42:08,1,111344.89,309,4,4,5,445,Leal
2371511,2025-11-01 20:39:43,1,42906.26,180,5,4,3,543,VIP
2371934,2025-06-25 01:14:44,1,45772.62,310,4,4,4,444,Leal
2377208,2025-06-29 17:36:29,1,19809.82,305,4,4,2,442,Leal
2377583,2025-07-04 14:53:24,2,122872.32,300,4,5,5,455,Leal
2377670,2025-10-13 16:43:07,2,39279.34,199,5,5,3,553,VIP
2377748,2025-07-01 17:55:39,1,22141.76,303,4,4,2,442,Leal
2378224,2025-06-25 03:21:54,1,18381.85,309,4,4,2,442,Leal
2379794,2025-06-28 21:07:39,1,29413.67,306,4,4,3,443,Leal
2382470,2025-10-14 16:39:32,4,289835.55,198,5,5,5,555,VIP
2382800,2025-06-27 03:14:52,1,35557.59,307,4,4,3,443,Leal
2383012,2025-07-01 05:29:27,1,19019.29,303,4,4,2,442,Leal
2385826,2025-06-28 16:46:01,1,8535.52,306,4,4,1,441,Leal
2387808,2025-06-29 17:57:19,1,5081.23,305,4,4,1,441,Leal
2389544,2025-06-30 15:47:40,1,1559.73,304,4,4,1,441,Leal
2389916,2025-07-04 13:27:35,1,129999.99,300,4,4,5,445,Leal
2390522,2025-07-01 05:07:02,2,56000.0,303,4,5,4,454,Leal
2391773,2025-07-01 18:06:23,1,14781.08,303,4,4,2,442,Leal
2391909,2025-07-01 19:40:47,1,48787.15,303,4,4,4,444,Leal
2392000,2025-07-01 20:40:40,1,6880.15,303,4,4,1,441,Leal
2393597,2025-07-04 20:04:33,1,16506.52,300,4,4,2,442,Leal
2393819,2025-07-05 02:53:37,1,25999.04,299,4,4,3,443,Leal
2395369,2025-07-03 16:03:46,1,48481.58,301,4,4,4,444,Leal
2397314,2025-07-04 15:23:28,1,8747.67,300,4,4,1,441,Leal
2400900,2025-07-06 13:54:22,1,23993.99,298,4,4,2,442,Leal
2401872,2025-07-08 00:32:49,1,26999.99,297,4,4,3,443,Leal
2404982,2026-01-19 15:11:18,2,32288.86,101,5,5,3,553,VIP
2405103,2025-07-08 16:10:43,1,15724.8,296,4,4,2,442,Leal
2405319,2026-02-04 14:36:23,1,66126.76,85,5,4,4,544,VIP
2406121,2025-07-09 14:25:08,1,44370.55,295,4,4,3,443,Leal
2410805,2025-11-14 15:47:11,1,125263.34,167,5,4,5,545,VIP
2411066,2025-07-14 19:04:12,1,48787.15,290,4,4,4,444,Leal
2412491,2025-07-14 21:08:00,1,67501.78,290,4,4,4,444,Leal
2413329,2026-05-01 02:45:21,1,77825.8,0,5,4,4,544,VIP
2413788,2025-07-12 11:07:24,1,10186.02,292,4,4,1,441,Leal
2414105,2025-07-12 15:24:11,1,10186.02,292,4,4,1,441,Leal
2415983,2025-07-13 14:55:19,1,5227.29,291,4,4,1,441,Leal
2417792,2025-07-14 21:08:50,1,36001.27,290,4,4,3,443,Leal
2418053,2025-07-14 19:27:46,3,812001.28,290,4,5,5,455,Leal
2419049,2025-07-15 12:34:33,1,102713.76,289,4,4,5,445,Leal
2419080,2025-09-20 15:12:20,1,45340.21,222,4,4,4,444,Leal
2420384,2025-07-15 21:06:01,1,38942.79,289,4,4,3,443,Leal
2422419,2025-07-31 20:42:22,1,36567.75,273,4,4,3,443,Leal
2422460,2025-07-16 19:21:18,1,8100.01,288,4,4,1,441,Leal
2424057,2025-07-17 15:17:01,1,21443.0,287,4,4,2,442,Leal
2425182,2025-07-18 03:35:39,1,232834.39,286,4,4,5,445,Leal
2426777,2025-07-31 22:52:04,1,115344.22,273,4,4,5,445,Leal
2428392,2025-07-19 19:03:24,1,11624.12,285,4,4,1,441,Leal
2431094,2025-08-06 02:31:02,1,17999.34,268,4,4,2,442,Leal
2431839,2025-07-21 14:55:04,2,44367.5,283,4,5,3,453,Leal
2431933,2025-08-12 17:25:29,1,101499.99,261,4,4,5,445,Leal
2431987,2025-07-21 17:58:13,1,45273.33,283,4,4,4,444,Leal
2432213,2025-07-22 00:33:00,1,77245.12,283,4,4,4,444,Leal
2432257,2025-08-30 15:11:42,3,69822.05,243,4,5,4,454,Leal
2434115,2025-07-22 17:39:20,1,252000.4,282,4,4,5,445,Leal
2436121,2025-07-23 15:21:10,1,129999.99,281,4,4,5,445,Leal
2436801,2025-07-23 22:35:21,1,42065.63,281,4,4,3,443,Leal
2437301,2025-07-24 03:43:20,1,115344.22,280,4,4,5,445,Leal
2438650,2025-07-24 21:13:38,1,39015.67,280,4,4,3,443,Leal
2440298,2025-07-25 17:23:41,1,5859.25,279,4,4,1,441,Leal
2445790,2025-07-28 14:52:59,1,15761.92,276,4,4,2,442,Leal
2446381,2025-09-22 21:15:34,1,67550.97,220,5,4,4,544,VIP
2448524,2025-07-29 19:55:40,1,9583.35,275,4,4,1,441,Leal
2449169,2025-08-22 04:23:59,3,92935.5,251,4,5,5,455,Leal
2451718,2025-07-31 20:18:33,1,6347.52,273,4,4,1,441,Leal
2454430,2025-08-01 17:05:59,1,9583.35,272,4,4,1,441,Leal
2454486,2025-08-01 17:14:40,1,9583.35,272,4,4,1,441,Leal
2455394,2025-08-02 02:55:03,1,3225.82,271,4,4,1,441,Leal
2457338,2025-08-03 16:52:13,1,19485.06,270,4,4,2,442,Leal
2458531,2025-08-03 20:38:51,1,1376.88,270,4,4,1,441,Leal
2459417,2025-08-04 17:35:17,1,14989.56,269,4,4,2,442,Leal
2459418,2025-08-07 02:05:04,1,26189.65,267,4,4,3,443,Leal
2461322,2026-04-09 21:38:07,1,73814.17,21,5,4,4,544,VIP
2464627,2025-08-06 20:39:53,1,1884.15,267,4,4,1,441,Leal
2468265,2025-08-08 19:11:31,1,124423.37,265,4,4,5,445,Leal
2468739,2025-08-12 21:34:48,1,17403.16,261,4,4,2,442,Leal
2469966,2025-08-09 19:56:41,1,115344.22,264,4,4,5,445,Leal
2470603,2025-08-09 19:36:00,1,9186.11,264,4,4,1,441,Leal
2470873,2025-10-13 20:16:31,1,5614.72,199,5,4,1,541,VIP
2472551,2025-08-16 15:25:18,1,159153.61,257,4,4,5,445,Leal
2474056,2025-08-11 15:31:40,2,155561.97,262,4,5,5,455,Leal
2476409,2025-08-13 18:39:22,3,56916.83,260,4,5,4,454,Leal
2477590,2025-08-13 02:22:01,1,12239.8,261,4,4,1,441,Leal
2478815,2025-08-13 18:15:27,1,14636.29,260,4,4,2,442,Leal
2479136,2025-08-13 21:13:30,1,9583.35,260,4,4,1,441,Leal
2483154,2025-10-09 14:40:15,1,51310.45,203,5,4,4,544,VIP
2489380,2025-09-19 17:18:27,2,9119.25,223,4,5,1,451,Leal
2492216,2025-08-19 18:34:43,1,43494.68,254,4,4,3,443,Leal
2492665,2025-11-24 17:54:08,3,39371.16,157,5,5,3,553,VIP
2496294,2025-08-21 23:33:10,1,15724.8,252,4,4,2,442,Leal
2498871,2025-08-23 17:28:44,1,47612.75,250,4,4,4,444,Leal
2501919,2025-09-07 15:57:33,1,86611.11,235,4,4,4,444,Leal
2503129,2025-08-24 14:25:08,1,45803.28,249,4,4,4,444,Leal
2503735,2025-08-25 15:01:58,1,51573.23,248,4,4,4,444,Leal
2503914,2025-08-24 22:53:04,1,43494.68,249,4,4,3,443,Leal
2506418,2025-09-03 16:00:53,1,50921.35,239,4,4,4,444,Leal
2506885,2025-08-28 04:13:44,1,5158.16,245,4,4,1,441,Leal
2510863,2025-08-27 22:34:07,1,7862.51,246,4,4,1,441,Leal
2511277,2026-02-09 18:24:09,1,40696.83,80,5,4,3,543,VIP
2512465,2025-11-06 15:52:18,2,61860.7,175,5,5,4,554,VIP
2513357,2025-08-29 02:58:01,1,15724.8,244,4,4,2,442,Leal
2514927,2025-08-29 21:13:46,1,22931.78,244,4,4,2,442,Leal
2515778,2025-09-11 17:12:38,2,5853.81,231,4,5,1,451,Leal
2518681,2025-09-17 09:18:11,1,103416.19,225,4,4,5,445,Leal
2520385,2025-09-01 13:29:41,1,9583.35,241,4,4,1,441,Leal
2520960,2025-09-01 22:40:24,2,85718.46,241,4,5,4,454,Leal
2527240,2025-09-08 15:26:49,1,274033.1,234,4,4,5,445,Leal
2528621,2025-12-09 21:45:29,2,3410.0,142,5,5,1,551,VIP
2528701,2025-10-29 01:38:40,1,43461.75,184,5,4,3,543,VIP
2532088,2025-09-06 06:04:43,1,3316.19,236,4,4,1,441,Leal
2534798,2025-09-07 05:29:19,1,18326.06,235,4,4,2,442,Leal
2536049,2025-12-27 13:22:04,2,51632.95,124,5,5,4,554,VIP
2536251,2025-09-09 17:25:48,1,191300.95,233,4,4,5,445,Leal
2538667,2025-09-08 17:38:33,1,115344.22,234,4,4,5,445,Leal
2539539,2025-09-08 23:27:43,1,91606.57,234,4,4,5,445,Leal
2539636,2025-09-09 00:21:09,1,22931.78,234,4,4,2,442,Leal
2539795,2025-09-12 17:01:20,1,7663.49,230,4,4,1,441,Leal
2541477,2025-11-04 23:57:32,1,41962.01,177,5,4,3,543,VIP
2545995,2025-10-01 22:26:53,1,165040.0,211,5,4,5,545,VIP
2548360,2025-11-28 03:28:07,1,39241.85,153,5,4,3,543,VIP
2548517,2025-09-13 18:12:32,1,59512.38,229,4,4,4,444,Leal
2550014,2025-09-27 16:04:39,1,31499.99,215,5,4,3,543,VIP
2551458,2025-09-15 01:31:04,1,60223.93,228,4,4,4,444,Leal
2553097,2025-09-15 16:22:49,1,51310.45,227,4,4,4,444,Leal
2553385,2025-09-15 18:43:51,1,16200.02,227,4,4,2,442,Leal
2555540,2025-09-17 17:41:40,1,24075.6,225,4,4,2,442,Leal
2558741,2025-09-18 07:05:57,1,12345.82,224,4,4,1,441,Leal
2559641,2025-09-19 15:58:20,1,29061.16,223,4,4,3,443,Leal
2565951,2025-11-26 16:27:22,3,262441.2,155,5,5,5,555,VIP
2567336,2025-12-07 05:56:19,1,43790.8,144,5,4,3,543,VIP
2568545,2025-09-22 18:15:30,1,28000.0,220,5,4,3,543,VIP
2569725,2025-09-29 16:06:09,1,19508.29,213,5,4,2,542,VIP
2571017,2025-09-23 19:42:34,1,33749.76,219,5,4,3,543,VIP
2573851,2025-09-25 14:48:20,1,43059.94,217,5,4,3,543,VIP
2577311,2026-01-21 02:46:31,4,178706.35,99,5,5,5,555,VIP
2579187,2025-09-27 15:55:41,1,43059.94,215,5,4,3,543,VIP
2583316,2025-09-29 19:46:16,1,133430.68,213,5,4,5,545,VIP
2583617,2025-09-29 20:58:30,1,103494.73,213,5,4,5,545,VIP
2583886,2025-09-29 23:02:20,1,20503.86,213,5,4,2,542,VIP
2585111,2025-09-30 16:20:11,2,62710.72,212,5,5,4,554,VIP
2587269,2025-10-01 16:16:16,1,119315.82,211,5,4,5,545,VIP
2587354,2025-10-01 16:28:42,1,44999.99,211,5,4,4,544,VIP
2587833,2025-10-01 21:28:34,1,20857.46,211,5,4,2,542,VIP
2589544,2025-10-02 17:43:21,1,3916.89,210,5,4,1,541,VIP
2594250,2025-10-08 22:16:29,1,7758.94,204,5,4,1,541,VIP
2594739,2025-10-25 18:50:39,1,9809.98,187,5,4,1,541,VIP
2595785,2025-10-05 18:53:09,1,119315.82,207,5,4,5,545,VIP
2596369,2025-10-06 03:47:38,1,28485.74,206,5,4,3,543,VIP
2596885,2025-11-13 15:10:49,2,318795.63,168,5,5,5,555,VIP
2597178,2025-10-06 16:06:03,1,4874.41,206,5,4,1,541,VIP
2599955,2025-10-07 18:24:40,1,39015.67,205,5,4,3,543,VIP
2602673,2026-02-06 20:58:16,2,60910.4,83,5,5,4,554,VIP
2603452,2025-10-12 17:02:39,1,22881.44,200,5,4,2,542,VIP
2605718,2025-11-22 13:57:50,1,15189.27,159,5,4,2,542,VIP
2605991,2025-10-15 17:32:33,1,36074.65,197,5,4,3,543,VIP
2606822,2025-10-11 00:37:35,1,7663.49,202,5,4,1,541,VIP
2611584,2025-10-13 17:16:44,1,99231.09,199,5,4,5,545,VIP
2611660,2025-10-13 16:50:56,2,283195.37,199,5,5,5,555,VIP
2612123,2025-10-13 19:11:53,2,12605.16,199,5,5,1,551,VIP
2612616,2025-10-13 22:39:28,1,15724.8,199,5,4,2,542,VIP
2613028,2026-02-23 22:49:17,1,45524.49,66,5,4,4,544,VIP
2613862,2025-10-14 15:58:38,1,24772.24,198,5,4,2,542,VIP
2613975,2026-03-02 13:41:14,5,285016.57,59,5,5,5,555,VIP
2616003,2025-10-15 15:36:40,1,43059.94,197,5,4,3,543,VIP
2616256,2025-10-15 18:46:23,2,96695.82,197,5,5,5,555,VIP
2618306,2025-10-16 17:29:22,1,126887.86,196,5,4,5,545,VIP
2621321,2025-10-19 15:53:28,1,1439.25,193,5,4,1,541,VIP
2622859,2025-10-18 17:41:22,1,81386.28,194,5,4,4,544,VIP
2622881,2025-10-18 17:21:47,1,20503.86,194,5,4,2,542,VIP
2623015,2025-10-18 22:04:25,2,42217.92,194,5,5,3,553,VIP
2625407,2025-10-19 23:28:22,1,173730.29,193,5,4,5,545,VIP
2625783,2025-10-22 16:05:27,1,18381.85,190,5,4,2,542,VIP
2629602,2025-10-21 17:14:08,1,26180.11,191,5,4,3,543,VIP
2630618,2025-10-22 02:57:25,1,25605.9,190,5,4,2,542,VIP
2637047,2025-10-24 21:51:09,1,46279.0,188,5,4,4,544,VIP
2637732,2025-10-25 05:27:35,1,17403.16,187,5,4,2,542,VIP
2643248,2025-11-01 16:21:19,1,50697.76,180,5,4,4,544,VIP
2643736,2025-10-30 16:50:30,1,53138.52,182,5,4,4,544,VIP
2648721,2025-10-30 07:00:56,1,65672.76,182,5,4,4,544,VIP
2649330,2025-10-30 15:10:38,1,32908.49,182,5,4,3,543,VIP
2650487,2025-10-31 02:57:08,2,162680.66,181,5,5,5,555,VIP
2651607,2025-10-31 16:48:57,1,1572732.19,181,5,4,5,545,VIP
2651624,2025-10-31 16:26:29,1,42906.26,181,5,4,3,543,VIP
2653868,2025-12-06 20:57:03,3,16168.0,145,5,5,2,552,VIP
2653921,2025-12-17 22:57:28,2,166635.6,134,5,5,5,555,VIP
2654242,2025-11-21 17:44:31,1,9431.14,160,5,4,1,541,VIP
2654964,2025-11-03 02:42:15,1,54781.1,179,5,4,4,544,VIP
2658684,2025-11-05 14:45:25,1,3443.06,176,5,4,1,541,VIP
2660206,2025-11-04 17:02:24,1,21223.3,177,5,4,2,542,VIP
2660837,2025-11-04 21:51:26,1,37858.57,177,5,4,3,543,VIP
2661740,2026-02-28 17:58:22,2,552915.86,61,5,5,5,555,VIP
2667922,2025-11-07 15:51:18,1,132205.56,174,5,4,5,545,VIP
2668012,2026-01-10 16:34:35,5,90003.55,110,5,5,5,555,VIP
2668518,2025-11-07 20:10:23,1,17202.43,174,5,4,2,542,VIP
2668528,2025-11-20 14:52:10,1,8654.07,161,5,4,1,541,VIP
2670309,2025-11-08 15:17:32,1,20503.86,173,5,4,2,542,VIP
2670623,2025-11-08 18:41:55,1,36623.7,173,5,4,3,543,VIP
2673562,2025-11-10 00:22:06,1,6148.1,172,5,4,1,541,VIP
2675397,2025-11-10 16:31:43,1,30458.02,171,5,4,3,543,VIP
2675933,2025-11-10 20:22:44,1,14829.78,171,5,4,2,542,VIP
2676615,2025-11-16 19:28:58,1,19400.86,165,5,4,2,542,VIP
2676625,2025-11-11 01:49:45,1,8923.04,171,5,4,1,541,VIP
2678106,2025-11-11 17:27:10,1,23498.29,170,5,4,2,542,VIP
2682877,2025-11-13 20:25:19,1,44732.0,168,5,4,3,543,VIP
2684104,2025-11-28 23:19:44,2,70099.9,153,5,5,4,554,VIP
2684930,2026-04-29 16:56:13,20,602556.62,1,5,5,5,555,VIP
2693097,2025-11-18 16:18:04,1,3352.34,163,5,4,1,541,VIP
2693503,2025-11-19 03:36:37,1,27599.85,162,5,4,3,543,VIP
2693522,2025-11-18 22:06:21,1,82800.05,163,5,4,4,544,VIP
2695554,2025-11-19 19:42:44,1,93422.32,162,5,4,5,545,VIP
2698610,2026-03-09 19:53:06,1,19258.57,52,5,4,2,542,VIP
2700524,2025-11-21 23:19:47,1,9488.44,160,5,4,1,541,VIP
2700704,2026-01-29 12:51:53,1,60387.3,91,5,4,4,544,VIP
2702037,2025-11-22 17:13:13,1,77131.92,159,5,4,4,544,VIP
2702306,2025-11-22 20:57:57,2,4387.14,159,5,5,1,551,VIP
2703661,2025-11-23 21:41:16,1,33807.34,158,5,4,3,543,VIP
2704022,2025-11-30 17:44:42,1,9647.21,151,5,4,1,541,VIP
2706849,2025-11-25 00:35:57,1,13617.26,157,5,4,2,542,VIP
2709886,2025-11-25 20:33:32,1,6797.09,156,5,4,1,541,VIP
2713786,2025-11-28 19:34:12,1,17077.24,153,5,4,2,542,VIP
2715872,2025-11-28 15:00:23,1,126887.86,153,5,4,5,545,VIP
2716100,2025-11-28 19:40:38,1,42906.26,153,5,4,3,543,VIP
2716401,2025-11-28 20:58:51,1,17999.34,153,5,4,2,542,VIP
2718051,2026-04-08 13:56:32,1,49448.39,22,5,4,4,544,VIP
2718224,2025-11-29 18:03:53,1,123118.73,152,5,4,5,545,VIP
2718230,2026-01-22 14:04:18,2,131192.77,98,5,5,5,555,VIP
2720981,2025-12-01 15:50:12,2,22497.04,150,5,5,2,552,VIP
2721882,2025-12-01 14:38:30,1,58409.42,150,5,4,4,544,VIP
2721883,2025-12-01 14:07:25,1,19314.01,150,5,4,2,542,VIP
2722018,2025-12-01 15:14:08,1,49354.03,150,5,4,4,544,VIP
2722153,2025-12-01 17:12:39,1,51302.95,150,5,4,4,544,VIP
2722761,2025-12-01 22:53:15,1,28000.0,150,5,4,3,543,VIP
2724270,2025-12-02 16:41:09,1,14781.08,149,5,4,2,542,VIP
2724794,2025-12-02 22:14:45,1,38853.72,149,5,4,3,543,VIP
2725373,2026-02-07 17:47:17,1,136345.38,82,5,4,5,545,VIP
2726586,2025-12-03 17:24:21,1,42906.26,148,5,4,3,543,VIP
2726919,2025-12-03 20:36:17,1,41469.86,148,5,4,3,543,VIP
2727434,2025-12-04 17:25:30,1,17193.41,147,5,4,2,542,VIP
2727541,2025-12-04 02:50:23,1,5400.01,147,5,4,1,541,VIP
2727557,2025-12-04 02:47:59,1,41453.78,147,5,4,3,543,VIP
2728352,2025-12-04 15:36:28,1,131257.92,147,5,4,5,545,VIP
2729174,2025-12-20 15:40:40,1,9719.71,131,5,4,1,541,VIP
2730959,2025-12-05 19:10:07,1,7450.98,146,5,4,1,541,VIP
2732384,2025-12-06 13:28:08,1,31499.99,145,5,4,3,543,VIP
2732607,2025-12-28 18:51:32,2,11619.48,123,5,5,1,551,VIP
2734645,2025-12-10 18:25:12,1,6887.16,141,5,4,1,541,VIP
2734880,2025-12-17 20:53:12,1,33608.25,134,5,4,3,543,VIP
2735618,2025-12-08 14:35:48,1,40050.34,143,5,4,3,543,VIP
2737357,2025-12-08 22:34:35,1,5778.58,143,5,4,1,541,VIP
2742488,2025-12-11 20:51:38,1,9233.69,140,5,4,1,541,VIP
2743309,2025-12-11 20:26:05,1,19314.01,140,5,4,2,542,VIP
2747761,2026-01-06 19:20:16,1,22121.86,114,5,4,2,542,VIP
2749981,2025-12-17 20:00:06,1,9769.13,134,5,4,1,541,VIP
2750498,2025-12-15 17:41:06,1,14122.48,136,5,4,2,542,VIP
2751470,2025-12-15 15:15:40,1,44732.0,136,5,4,3,543,VIP
2751850,2025-12-20 19:38:40,1,20822.65,131,5,4,2,542,VIP
2753450,2026-02-05 16:45:47,1,1726.66,84,5,4,1,541,VIP
2753693,2025-12-16 16:47:20,1,19021.3,135,5,4,2,542,VIP
2754176,2025-12-16 21:23:49,1,298607.01,135,5,4,5,545,VIP
2756036,2026-01-24 17:46:51,2,11803.66,96,5,5,1,551,VIP
2756543,2025-12-18 01:28:16,1,5400.01,134,5,4,1,541,VIP
2758261,2026-01-15 20:01:04,1,11506.54,105,5,4,1,541,VIP
2760006,2025-12-21 14:19:16,1,15878.0,130,5,4,2,542,VIP
2760133,2025-12-21 15:39:12,1,82800.05,130,5,4,4,544,VIP
2760453,2025-12-20 02:39:25,1,21892.59,132,5,4,2,542,VIP
2761995,2025-12-20 21:56:46,1,43417.4,131,5,4,3,543,VIP
2764298,2025-12-27 12:50:37,1,49879.23,124,5,4,4,544,VIP
2765275,2025-12-22 16:29:22,1,24628.16,129,5,4,2,542,VIP
2765424,2025-12-22 17:05:13,1,19189.17,129,5,4,2,542,VIP
2765596,2026-03-12 13:18:17,2,121285.08,49,5,5,5,555,VIP
2766444,2025-12-24 04:05:46,1,50376.12,127,5,4,4,544,VIP
2769113,2025-12-24 20:53:51,1,45299.99,127,5,4,4,544,VIP
2770917,2026-03-23 21:33:02,1,35570.11,38,5,4,3,543,VIP
2772541,2025-12-29 15:54:55,1,90390.11,122,5,4,5,545,VIP
2772895,2025-12-28 03:32:40,1,62073.97,123,5,4,4,544,VIP
2773418,2025-12-27 01:44:45,1,10369.77,125,5,4,1,541,VIP
2774825,2025-12-27 21:28:47,1,37412.79,124,5,4,3,543,VIP
2776251,2025-12-29 15:46:25,2,62605.62,122,5,5,4,554,VIP
2776500,2026-02-09 20:24:25,2,50786.65,80,5,5,4,554,VIP
2778145,2025-12-30 19:42:08,1,19189.17,121,5,4,2,542,VIP
2778196,2026-02-12 15:14:41,2,25882.52,77,5,5,2,552,VIP
2780850,2026-04-08 18:41:12,1,16870.49,22,5,4,2,542,VIP
2782993,2026-01-01 02:34:00,1,10650.41,120,5,4,1,541,VIP
2786237,2026-03-04 20:05:53,4,363177.89,57,5,5,5,555,VIP
2787350,2026-01-03 15:45:51,1,145784.4,117,5,4,5,545,VIP
2791098,2026-01-05 20:26:45,1,59157.13,115,5,4,4,544,VIP
2791368,2026-01-05 20:05:53,1,3175.51,115,5,4,1,541,VIP
2792291,2026-03-09 03:16:35,2,28318.89,52,5,5,3,553,VIP
2794200,2026-01-08 19:53:40,1,13382.74,112,5,4,1,541,VIP
2794943,2026-01-16 16:02:59,1,33327.29,104,5,4,3,543,VIP
2795088,2026-01-16 14:55:08,1,8980.14,104,5,4,1,541,VIP
2796584,2026-01-08 18:38:38,4,268070.64,112,5,5,5,555,VIP
2797846,2026-02-05 18:40:54,1,44870.2,84,5,4,4,544,VIP
2798841,2026-01-09 15:01:02,1,49722.47,111,5,4,4,544,VIP
2804641,2026-01-12 21:09:13,1,142163.94,108,5,4,5,545,VIP
2804859,2026-02-11 17:39:55,2,22097.86,78,5,5,2,552,VIP
2805174,2026-02-20 18:33:45,1,14820.21,69,5,4,2,542,VIP
2808436,2026-01-14 13:50:57,1,15843.91,106,5,4,2,542,VIP
2808851,2026-01-14 18:03:09,1,55058.75,106,5,4,4,544,VIP
2810326,2026-01-15 13:01:36,1,49722.47,105,5,4,4,544,VIP
2810647,2026-01-16 13:43:44,1,13978.92,104,5,4,2,542,VIP
2811359,2026-01-16 04:44:19,1,25999.04,104,5,4,3,543,VIP
2814417,2026-01-24 02:05:03,1,13451.44,97,5,4,2,542,VIP
2815127,2026-03-03 15:16:28,1,7542.43,58,5,4,1,541,VIP
2818188,2026-01-20 22:09:08,1,6255.16,100,5,4,1,541,VIP
2819224,2026-01-20 00:49:55,1,49000.0,101,5,4,4,544,VIP
2820059,2026-01-23 23:06:12,1,6000.21,97,5,4,1,541,VIP
2820659,2026-02-01 18:25:13,1,62070.15,88,5,4,4,544,VIP
2821106,2026-01-23 00:34:53,2,17760.39,98,5,5,2,552,VIP
2821170,2026-01-21 17:49:51,1,41091.18,99,5,4,3,543,VIP
2822386,2026-01-21 16:50:50,1,32209.8,99,5,4,3,543,VIP
2822400,2026-01-22 20:28:42,2,180780.22,98,5,5,5,555,VIP
2822488,2026-02-05 17:51:15,1,29849.83,84,5,4,3,543,VIP
2822713,2026-01-21 18:22:20,2,36001.26,99,5,5,3,553,VIP
2822723,2026-01-21 18:55:09,1,65100.0,99,5,4,4,544,VIP
2823706,2026-01-22 17:41:54,1,47935.13,98,5,4,4,544,VIP
2824955,2026-01-22 17:03:09,1,21025.22,98,5,4,2,542,VIP
2825343,2026-01-22 21:28:58,1,34811.34,98,5,4,3,543,VIP
2826999,2026-01-27 17:51:15,1,21254.93,93,5,4,2,542,VIP
2827546,2026-01-23 23:18:57,1,65151.69,97,5,4,4,544,VIP
2830534,2026-01-25 16:15:59,1,5510.89,95,5,4,1,541,VIP
2831296,2026-01-26 14:20:53,1,37271.19,94,5,4,3,543,VIP
2832647,2026-01-26 18:08:32,1,19832.94,94,5,4,2,542,VIP
2832885,2026-01-28 15:23:08,1,112973.07,92,5,4,5,545,VIP
2833187,2026-01-26 22:38:51,1,67500.0,94,5,4,4,544,VIP
2835632,2026-01-28 03:00:39,1,21600.06,92,5,4,2,542,VIP
2835826,2026-02-08 22:11:39,1,104251.65,81,5,4,5,545,VIP
2837874,2026-01-29 06:04:16,1,6878.55,91,5,4,1,541,VIP
2840450,2026-02-16 00:14:21,38,2549050.44,74,5,5,5,555,VIP
2841072,2026-01-30 17:44:32,1,16588.58,90,5,4,2,542,VIP
2841166,2026-02-04 15:59:57,2,93145.22,85,5,5,5,555,VIP
2841324,2026-01-30 19:53:16,1,23111.16,90,5,4,2,542,VIP
2841477,2026-02-04 04:21:09,1,25536.6,85,5,4,2,542,VIP
2844028,2026-01-31 23:45:14,1,2557.01,89,5,4,1,541,VIP
2845745,2026-02-01 23:21:43,1,13578.57,88,5,4,2,542,VIP
2847209,2026-02-02 17:54:52,1,111344.89,87,5,4,5,545,VIP
2847345,2026-02-25 02:34:35,2,12625.89,65,5,5,1,551,VIP
2847431,2026-02-02 20:20:07,2,32846.84,87,5,5,3,553,VIP
2851266,2026-02-11 13:39:39,1,113612.66,78,5,4,5,545,VIP
2852871,2026-02-05 14:50:26,1,19832.94,84,5,4,2,542,VIP
2853184,2026-02-05 17:45:16,2,10271.89,84,5,5,1,551,VIP
2853352,2026-02-05 20:05:56,1,46004.15,84,5,4,4,544,VIP
2856539,2026-02-07 14:06:01,1,24912.31,82,5,4,2,542,VIP
2856850,2026-02-08 05:00:44,1,16416.8,81,5,4,2,542,VIP
2857005,2026-02-07 21:41:13,1,19832.94,82,5,4,2,542,VIP
2859056,2026-02-08 22:19:24,1,129472.07,81,5,4,5,545,VIP
2859554,2026-02-09 18:10:39,5,433351.59,80,5,5,5,555,VIP
2864552,2026-02-11 19:19:30,1,7182.6,78,5,4,1,541,VIP
2867088,2026-02-12 18:15:06,1,3133.72,77,5,4,1,541,VIP
2867563,2026-02-15 03:13:35,1,20984.98,74,5,4,2,542,VIP
2867958,2026-02-13 02:23:54,1,4912.44,77,5,4,1,541,VIP
2868794,2026-02-13 14:18:47,1,889.37,76,5,4,1,541,VIP
2869012,2026-02-13 20:29:30,2,11048.77,76,5,5,1,551,VIP
2874711,2026-03-19 16:32:12,3,19190.11,42,5,5,2,552,VIP
2876922,2026-02-17 21:02:16,1,20787.36,72,5,4,2,542,VIP
2877533,2026-02-19 17:43:00,1,110808.41,70,5,4,5,545,VIP
2881302,2026-03-02 21:35:28,1,9475.39,59,5,4,1,541,VIP
2882098,2026-02-20 02:00:14,1,1407.55,70,5,4,1,541,VIP
2883018,2026-02-20 15:32:30,1,9504.63,69,5,4,1,541,VIP
2883930,2026-02-21 00:41:22,2,355455.41,69,5,5,5,555,VIP
2884260,2026-02-21 04:13:21,1,9621.98,68,5,4,1,541,VIP
2884899,2026-02-21 19:15:11,1,79477.36,68,5,4,4,544,VIP
2885076,2026-02-22 05:15:50,1,3151.84,67,5,4,1,541,VIP
2885152,2026-04-29 20:35:02,1,42572.59,1,5,4,3,543,VIP
2885298,2026-03-14 20:51:37,1,38424.03,47,5,4,3,543,VIP
2890690,2026-02-25 03:21:25,1,36093.01,64,5,4,3,543,VIP
2891495,2026-02-27 16:10:51,1,16195.06,62,5,4,2,542,VIP
2891653,2026-02-24 18:05:40,1,50953.16,65,5,4,4,544,VIP
2893543,2026-02-25 15:43:19,1,176252.08,64,5,4,5,545,VIP
2895544,2026-02-26 20:15:54,1,65837.62,63,5,4,4,544,VIP
2896237,2026-02-27 03:10:40,1,19258.57,62,5,4,2,542,VIP
2897577,2026-02-27 17:59:54,1,36093.01,62,5,4,3,543,VIP
2897902,2026-02-27 19:42:42,1,8644.33,62,5,4,1,541,VIP
2899982,2026-03-07 01:16:08,1,35999.99,55,5,4,3,543,VIP
2901375,2026-03-02 16:16:37,1,136345.38,59,5,4,5,545,VIP
2902978,2026-03-04 22:55:57,2,13517.73,57,5,5,2,552,VIP
2903028,2026-03-02 14:55:06,1,14521.86,59,5,4,2,542,VIP
2903288,2026-03-02 17:22:49,1,30810.06,59,5,4,3,543,VIP
2903405,2026-03-02 18:19:00,1,9517.36,59,5,4,1,541,VIP
2903956,2026-03-03 00:02:36,1,9621.98,59,5,4,1,541,VIP
2905132,2026-03-03 16:07:09,1,49050.02,58,5,4,4,544,VIP
2907575,2026-03-04 22:15:22,1,6620.95,57,5,4,1,541,VIP
2907992,2026-03-05 02:11:55,1,43645.05,57,5,4,3,543,VIP
2910782,2026-03-09 15:08:10,1,43849.67,52,5,4,3,543,VIP
2911083,2026-03-07 15:00:48,1,68500.26,54,5,4,4,544,VIP
2913675,2026-03-09 13:59:42,1,22416.31,52,5,4,2,542,VIP
2917563,2026-03-10 00:58:02,1,1139.49,52,5,4,1,541,VIP
2918718,2026-03-10 16:29:54,1,6530.71,51,5,4,1,541,VIP
2918775,2026-03-10 17:05:57,1,54907.46,51,5,4,4,544,VIP
2920552,2026-03-19 19:14:53,1,104460.34,42,5,4,5,545,VIP
2921380,2026-03-14 18:00:19,1,25195.53,47,5,4,2,542,VIP
2921787,2026-03-26 07:05:05,2,89406.53,35,5,5,4,554,VIP
2922744,2026-03-13 14:04:19,1,37636.16,48,5,4,3,543,VIP
2923184,2026-03-13 01:32:59,1,60671.85,49,5,4,4,544,VIP
2924451,2026-03-14 19:15:42,1,50321.11,47,5,4,4,544,VIP
2924471,2026-03-13 15:20:05,1,15878.0,48,5,4,2,542,VIP
2924800,2026-03-14 00:51:05,1,60387.3,48,5,4,4,544,VIP
2925445,2026-03-26 20:34:04,1,9073.85,35,5,4,1,541,VIP
2930323,2026-03-16 18:26:00,1,6343.13,45,5,4,1,541,VIP
2931326,2026-03-29 15:04:18,1,15513.84,32,5,4,2,542,VIP
2932532,2026-03-19 20:35:39,1,140209.04,42,5,4,5,545,VIP
2934114,2026-03-19 18:48:54,2,44301.62,42,5,5,3,553,VIP
2934757,2026-03-18 21:24:23,1,17403.16,43,5,4,2,542,VIP
2935117,2026-03-19 01:58:13,1,41096.77,43,5,4,3,543,VIP
2936356,2026-03-19 19:49:48,2,5470.02,42,5,5,1,551,VIP
2936598,2026-03-19 20:48:20,1,75665.14,42,5,4,4,544,VIP
2938515,2026-03-20 21:29:44,1,16265.43,41,5,4,2,542,VIP
2942002,2026-03-31 13:58:02,1,228767.98,30,5,4,5,545,VIP
2942882,2026-03-24 01:59:29,1,12486.92,38,5,4,1,541,VIP
2943655,2026-03-23 16:30:18,1,18734.0,38,5,4,2,542,VIP
2943810,2026-03-23 17:50:37,1,4719.12,38,5,4,1,541,VIP
2943870,2026-03-23 19:10:14,1,69295.5,38,5,4,4,544,VIP
2947543,2026-03-31 14:34:14,1,63977.58,30,5,4,4,544,VIP
2949681,2026-03-26 18:02:32,1,42572.59,35,5,4,3,543,VIP
2950443,2026-03-27 14:25:53,1,46794.37,34,5,4,4,544,VIP
2951450,2026-03-27 16:07:03,2,99703.96,34,5,5,5,555,VIP
2953277,2026-03-31 23:01:23,1,27451.24,30,5,4,3,543,VIP
2955106,2026-03-29 16:40:44,1,25195.53,32,5,4,2,542,VIP
2956605,2026-04-15 21:50:30,1,36000.24,15,5,4,3,543,VIP
2957359,2026-03-30 21:30:31,1,125237.11,31,5,4,5,545,VIP
2957601,2026-03-31 00:10:10,1,25971.47,31,5,4,2,542,VIP
2957878,2026-03-31 03:19:57,1,22315.94,30,5,4,2,542,VIP
2958996,2026-03-31 20:31:58,1,68836.07,30,5,4,4,544,VIP
2959822,2026-04-01 03:28:34,1,31999.94,29,5,4,3,543,VIP
2965237,2026-04-06 13:14:45,1,63186.42,24,5,4,4,544,VIP
2970301,2026-04-10 15:10:55,1,54007.43,20,5,4,4,544,VIP
2971321,2026-04-07 19:23:03,1,27728.61,23,5,4,3,543,VIP
2971330,2026-04-07 22:15:12,1,218143.96,23,5,4,5,545,VIP
2972897,2026-04-21 04:26:27,1,4523.5,9,5,4,1,541,VIP
2973003,2026-04-08 17:11:08,1,148555.81,22,5,4,5,545,VIP
2975683,2026-04-15 16:26:40,1,791.67,15,5,4,1,541,VIP
2975778,2026-04-10 21:37:32,1,9504.63,20,5,4,1,541,VIP
2977883,2026-04-11 18:16:46,1,17251.47,19,5,4,2,542,VIP
2982419,2026-04-13 05:16:12,1,18734.0,17,5,4,2,542,VIP
2983288,2026-04-13 17:07:05,1,11120.25,17,5,4,1,541,VIP
2985041,2026-04-14 12:37:21,1,90587.18,16,5,4,5,545,VIP
2985120,2026-04-14 13:30:26,1,90587.18,16,5,4,5,545,VIP
2987237,2026-04-15 14:34:33,1,105849.18,15,5,4,5,545,VIP
2987344,2026-04-21 14:40:27,2,42137.31,9,5,5,3,553,VIP
2987631,2026-04-15 18:33:16,1,23490.46,15,5,4,2,542,VIP
2987676,2026-04-15 18:51:36,1,65416.49,15,5,4,4,544,VIP
2988245,2026-04-16 14:31:47,1,33284.13,14,5,4,3,543,VIP
2988324,2026-04-16 02:51:16,1,20159.92,14,5,4,2,542,VIP
2989267,2026-04-16 17:04:12,1,11769.4,14,5,4,1,541,VIP
2990060,2026-04-24 18:13:34,1,260113.83,6,5,4,5,545,VIP
2990439,2026-04-17 05:31:32,1,4217.66,13,5,4,1,541,VIP
2993733,2026-04-22 17:44:35,2,92553.8,8,5,5,5,555,VIP
2995090,2026-04-19 17:08:36,1,13551.21,11,5,4,2,542,VIP
2995128,2026-04-19 17:39:57,1,19656.98,11,5,4,2,542,VIP
2996064,2026-04-20 17:18:07,1,60387.3,10,5,4,4,544,VIP
2996982,2026-04-20 17:46:37,1,5367.88,10,5,5,1,551,VIP
3002843,2026-04-23 13:34:50,1,29081.39,7,5,5,3,553,VIP
3003001,2026-04-23 14:03:39,1,131755.55,7,5,5,5,555,VIP
3017095,2026-04-30 17:43:34,1,21706.94,0,5,5,2,552,VIP
3017200,2026-04-30 17:48:56,1,228657.27,0,5,5,5,555,VIP
3017397,2026-04-30 19:57:35,2,677583.32,0,5,5,5,555,VIP
3017399,2026-04-30 21:19:29,1,27746.08,0,5,5,3,553,VIP
